"begin"	"b_group"	"b_id"	"r_id"	"order"	"deny"	"acronym"	"name"	"barcode"	"remark"
"11/07/2016"	"VIS"	201607230001	"VIS"	"LPF"		1	"Visiteur 1"	2016072300014	"2ABQKHM*daaabe+"
"11/07/2016"	"VIS"	201607230002	"VIS"	"LPF"		2	"Visiteur 2"	2016072300021	"2ABQKHM*daaacb+"
"11/07/2016"	"VIS"	201607230003	"VIS"	"LPF"		3	"Visiteur 3"	2016072300038	"2ABQKHM*daaadi+"
"11/07/2016"	"VIS"	201607230004	"VIS"	"LPF"		4	"Visiteur 4"	2016072300045	"2ABQKHM*daaaef+"
"11/07/2016"	"VIS"	201607230005	"VIS"	"LPF"		5	"Visiteur 5"	2016072300052	"2ABQKHM*daaafc+"
"11/07/2016"	"VIS"	201607230006	"VIS"	"LPF"		6	"Visiteur 6"	2016072300069	"2ABQKHM*daaagj+"
"11/07/2016"	"VIS"	201607230007	"VIS"	"LPF"		7	"Visiteur 7"	2016072300076	"2ABQKHM*daaahg+"
"11/07/2016"	"VIS"	201607230008	"VIS"	"LPF"		8	"Visiteur 8"	2016072300083	"2ABQKHM*daaaid+"
"11/07/2016"	"VIS"	201607230009	"VIS"	"LPF"		9	"Visiteur 9"	2016072300090	"2ABQKHM*daaaja+"
"11/07/2016"	"VIS"	201607230010	"VIS"	"LPF"		10	"Visiteur 10"	2016072300106	"2ABQKHM*daabag+"
"11/07/2016"	"VIS"	201607230011	"VIS"	"LPF"		11	"Visiteur 11"	2016072300113	"2ABQKHM*daabbd+"
"11/07/2016"	"VIS"	201607230012	"VIS"	"LPF"		12	"Visiteur 12"	2016072300120	"2ABQKHM*daabca+"
"11/07/2016"	"VIS"	201607230013	"VIS"	"LPF"		13	"Visiteur 13"	2016072300137	"2ABQKHM*daabdh+"
"11/07/2016"	"VIS"	201607230014	"VIS"	"LPF"		14	"Visiteur 14"	2016072300144	"2ABQKHM*daabee+"
"11/07/2016"	"VIS"	201607230015	"VIS"	"LPF"		15	"Visiteur 15"	2016072300151	"2ABQKHM*daabfb+"
"11/07/2016"	"VIS"	201607230016	"VIS"	"LPF"		16	"Visiteur 16"	2016072300168	"2ABQKHM*daabgi+"
"11/07/2016"	"VIS"	201607230017	"VIS"	"LPF"		17	"Visiteur 17"	2016072300175	"2ABQKHM*daabhf+"
"11/07/2016"	"VIS"	201607230018	"VIS"	"LPF"		18	"Visiteur 18"	2016072300182	"2ABQKHM*daabic+"
"11/07/2016"	"VIS"	201607230019	"VIS"	"LPF"		19	"Visiteur 19"	2016072300199	"2ABQKHM*daabjj+"
"11/07/2016"	"VIS"	201607230020	"VIS"	"LPF"		20	"Visiteur 20"	2016072300205	"2ABQKHM*daacaf+"
"11/07/2016"	"VIS"	201607230021	"VIS"	"LPF"		21	"Visiteur 21"	2016072300212	"2ABQKHM*daacbc+"
"11/07/2016"	"VIS"	201607230022	"VIS"	"LPF"		22	"Visiteur 22"	2016072300229	"2ABQKHM*daaccj+"
"11/07/2016"	"VIS"	201607230023	"VIS"	"LPF"		23	"Visiteur 23"	2016072300236	"2ABQKHM*daacdg+"
"11/07/2016"	"VIS"	201607230024	"VIS"	"LPF"		24	"Visiteur 24"	2016072300243	"2ABQKHM*daaced+"
"11/07/2016"	"VIS"	201607230025	"VIS"	"LPF"		25	"Visiteur 25"	2016072300250	"2ABQKHM*daacfa+"
"11/07/2016"	"VIS"	201607230026	"VIS"	"LPF"		26	"Visiteur 26"	2016072300267	"2ABQKHM*daacgh+"
"11/07/2016"	"VIS"	201607230027	"VIS"	"LPF"		27	"Visiteur 27"	2016072300274	"2ABQKHM*daache+"
"11/07/2016"	"VIS"	201607230028	"VIS"	"LPF"		28	"Visiteur 28"	2016072300281	"2ABQKHM*daacib+"
"11/07/2016"	"VIS"	201607230029	"VIS"	"LPF"		29	"Visiteur 29"	2016072300298	"2ABQKHM*daacji+"
"11/07/2016"	"VIS"	201607230030	"VIS"	"LPF"		30	"Visiteur 30"	2016072300304	"2ABQKHM*daadae+"
"11/07/2016"	"VIS"	201607230031	"VIS"	"LPF"		31	"Visiteur 31"	2016072300311	"2ABQKHM*daadbb+"
"11/07/2016"	"VIS"	201607230032	"VIS"	"LPF"		32	"Visiteur 32"	2016072300328	"2ABQKHM*daadci+"
"11/07/2016"	"VIS"	201607230033	"VIS"	"LPF"		33	"Visiteur 33"	2016072300335	"2ABQKHM*daaddf+"
"11/07/2016"	"VIS"	201607230034	"VIS"	"LPF"		34	"Visiteur 34"	2016072300342	"2ABQKHM*daadec+"
"11/07/2016"	"VIS"	201607230035	"VIS"	"LPF"		35	"Visiteur 35"	2016072300359	"2ABQKHM*daadfj+"
"11/07/2016"	"VIS"	201607230036	"VIS"	"LPF"		36	"Visiteur 36"	2016072300366	"2ABQKHM*daadgg+"
"11/07/2016"	"VIS"	201607230037	"VIS"	"LPF"		37	"Visiteur 37"	2016072300373	"2ABQKHM*daadhd+"
"11/07/2016"	"VIS"	201607230038	"VIS"	"LPF"		38	"Visiteur 38"	2016072300380	"2ABQKHM*daadia+"
"11/07/2016"	"VIS"	201607230039	"VIS"	"LPF"		39	"Visiteur 39"	2016072300397	"2ABQKHM*daadjh+"
"11/07/2016"	"VIS"	201607230040	"VIS"	"LPF"		40	"Visiteur 40"	2016072300403	"2ABQKHM*daaead+"
"11/07/2016"	"VIS"	201607230041	"VIS"	"LPF"		41	"Visiteur 41"	2016072300410	"2ABQKHM*daaeba+"
"11/07/2016"	"VIS"	201607230042	"VIS"	"LPF"		42	"Visiteur 42"	2016072300427	"2ABQKHM*daaech+"
"11/07/2016"	"VIS"	201607230043	"VIS"	"LPF"		43	"Visiteur 43"	2016072300434	"2ABQKHM*daaede+"
"11/07/2016"	"VIS"	201607230044	"VIS"	"LPF"		44	"Visiteur 44"	2016072300441	"2ABQKHM*daaeeb+"
"11/07/2016"	"VIS"	201607230045	"VIS"	"LPF"		45	"Visiteur 45"	2016072300458	"2ABQKHM*daaefi+"
"11/07/2016"	"VIS"	201607230046	"VIS"	"LPF"		46	"Visiteur 46"	2016072300465	"2ABQKHM*daaegf+"
"11/07/2016"	"VIS"	201607230047	"VIS"	"LPF"		47	"Visiteur 47"	2016072300472	"2ABQKHM*daaehc+"
"11/07/2016"	"VIS"	201607230048	"VIS"	"LPF"		48	"Visiteur 48"	2016072300489	"2ABQKHM*daaeij+"
"11/07/2016"	"VIS"	201607230049	"VIS"	"LPF"		49	"Visiteur 49"	2016072300496	"2ABQKHM*daaejg+"
"11/07/2016"	"VIS"	201607230050	"VIS"	"LPF"		50	"Visiteur 50"	2016072300502	"2ABQKHM*daafac+"
"11/07/2016"	"VIS"	201607230051	"VIS"	"LPF"		51	"Visiteur 51"	2016072300519	"2ABQKHM*daafbj+"
"11/07/2016"	"VIS"	201607230052	"VIS"	"LPF"		52	"Visiteur 52"	2016072300526	"2ABQKHM*daafcg+"
"11/07/2016"	"VIS"	201607230053	"VIS"	"LPF"		53	"Visiteur 53"	2016072300533	"2ABQKHM*daafdd+"
"11/07/2016"	"VIS"	201607230054	"VIS"	"LPF"		54	"Visiteur 54"	2016072300540	"2ABQKHM*daafea+"
"11/07/2016"	"VIS"	201607230055	"VIS"	"LPF"		55	"Visiteur 55"	2016072300557	"2ABQKHM*daaffh+"
"11/07/2016"	"VIS"	201607230056	"VIS"	"LPF"		56	"Visiteur 56"	2016072300564	"2ABQKHM*daafge+"
"11/07/2016"	"VIS"	201607230057	"VIS"	"LPF"		57	"Visiteur 57"	2016072300571	"2ABQKHM*daafhb+"
"11/07/2016"	"VIS"	201607230058	"VIS"	"LPF"		58	"Visiteur 58"	2016072300588	"2ABQKHM*daafii+"
"11/07/2016"	"VIS"	201607230059	"VIS"	"LPF"		59	"Visiteur 59"	2016072300595	"2ABQKHM*daafjf+"
"11/07/2016"	"VIS"	201607230060	"VIS"	"LPF"		60	"Visiteur 60"	2016072300601	"2ABQKHM*daagab+"
"11/07/2016"	"VIS"	201607230061	"VIS"	"LPF"		61	"Visiteur 61"	2016072300618	"2ABQKHM*daagbi+"
"11/07/2016"	"VIS"	201607230062	"VIS"	"LPF"		62	"Visiteur 62"	2016072300625	"2ABQKHM*daagcf+"
"11/07/2016"	"VIS"	201607230063	"VIS"	"LPF"		63	"Visiteur 63"	2016072300632	"2ABQKHM*daagdc+"
"11/07/2016"	"VIS"	201607230064	"VIS"	"LPF"		64	"Visiteur 64"	2016072300649	"2ABQKHM*daagej+"
"11/07/2016"	"VIS"	201607230065	"VIS"	"LPF"		65	"Visiteur 65"	2016072300656	"2ABQKHM*daagfg+"
"11/07/2016"	"VIS"	201607230066	"VIS"	"LPF"		66	"Visiteur 66"	2016072300663	"2ABQKHM*daaggd+"
"11/07/2016"	"VIS"	201607230067	"VIS"	"LPF"		67	"Visiteur 67"	2016072300670	"2ABQKHM*daagha+"
"11/07/2016"	"VIS"	201607230068	"VIS"	"LPF"		68	"Visiteur 68"	2016072300687	"2ABQKHM*daagih+"
"11/07/2016"	"VIS"	201607230069	"VIS"	"LPF"		69	"Visiteur 69"	2016072300694	"2ABQKHM*daagje+"
"11/07/2016"	"VIS"	201607230070	"VIS"	"LPF"		70	"Visiteur 70"	2016072300700	"2ABQKHM*daahaa+"
"11/07/2016"	"VIS"	201607230071	"VIS"	"LPF"		71	"Visiteur 71"	2016072300717	"2ABQKHM*daahbh+"
"11/07/2016"	"VIS"	201607230072	"VIS"	"LPF"		72	"Visiteur 72"	2016072300724	"2ABQKHM*daahce+"
"11/07/2016"	"VIS"	201607230073	"VIS"	"LPF"		73	"Visiteur 73"	2016072300731	"2ABQKHM*daahdb+"
"11/07/2016"	"VIS"	201607230074	"VIS"	"LPF"		74	"Visiteur 74"	2016072300748	"2ABQKHM*daahei+"
"11/07/2016"	"VIS"	201607230075	"VIS"	"LPF"		75	"Visiteur 75"	2016072300755	"2ABQKHM*daahff+"
"11/07/2016"	"VIS"	201607230076	"VIS"	"LPF"		76	"Visiteur 76"	2016072300762	"2ABQKHM*daahgc+"
"11/07/2016"	"VIS"	201607230077	"VIS"	"LPF"		77	"Visiteur 77"	2016072300779	"2ABQKHM*daahhj+"
"11/07/2016"	"VIS"	201607230078	"VIS"	"LPF"		78	"Visiteur 78"	2016072300786	"2ABQKHM*daahig+"
"11/07/2016"	"VIS"	201607230079	"VIS"	"LPF"		79	"Visiteur 79"	2016072300793	"2ABQKHM*daahjd+"
"11/07/2016"	"VIS"	201607230080	"VIS"	"LPF"		80	"Visiteur 80"	2016072300809	"2ABQKHM*daaiaj+"
"11/07/2016"	"VIS"	201607230081	"VIS"	"LPF"		81	"Visiteur 81"	2016072300816	"2ABQKHM*daaibg+"
"11/07/2016"	"VIS"	201607230082	"VIS"	"LPF"		82	"Visiteur 82"	2016072300823	"2ABQKHM*daaicd+"
"11/07/2016"	"VIS"	201607230083	"VIS"	"LPF"		83	"Visiteur 83"	2016072300830	"2ABQKHM*daaida+"
"11/07/2016"	"VIS"	201607230084	"VIS"	"LPF"		84	"Visiteur 84"	2016072300847	"2ABQKHM*daaieh+"
"11/07/2016"	"VIS"	201607230085	"VIS"	"LPF"		85	"Visiteur 85"	2016072300854	"2ABQKHM*daaife+"
"11/07/2016"	"VIS"	201607230086	"VIS"	"LPF"		86	"Visiteur 86"	2016072300861	"2ABQKHM*daaigb+"
"11/07/2016"	"VIS"	201607230087	"VIS"	"LPF"		87	"Visiteur 87"	2016072300878	"2ABQKHM*daaihi+"
"11/07/2016"	"VIS"	201607230088	"VIS"	"LPF"		88	"Visiteur 88"	2016072300885	"2ABQKHM*daaiif+"
"11/07/2016"	"VIS"	201607230089	"VIS"	"LPF"		89	"Visiteur 89"	2016072300892	"2ABQKHM*daaijc+"
"11/07/2016"	"VIS"	201607230090	"VIS"	"LPF"		90	"Visiteur 90"	2016072300908	"2ABQKHM*daajai+"
"11/07/2016"	"VIS"	201607230091	"VIS"	"LPF"		91	"Visiteur 91"	2016072300915	"2ABQKHM*daajbf+"
"11/07/2016"	"VIS"	201607230092	"VIS"	"LPF"		92	"Visiteur 92"	2016072300922	"2ABQKHM*daajcc+"
"11/07/2016"	"VIS"	201607230093	"VIS"	"LPF"		93	"Visiteur 93"	2016072300939	"2ABQKHM*daajdj+"
"11/07/2016"	"VIS"	201607230094	"VIS"	"LPF"		94	"Visiteur 94"	2016072300946	"2ABQKHM*daajeg+"
"11/07/2016"	"VIS"	201607230095	"VIS"	"LPF"		95	"Visiteur 95"	2016072300953	"2ABQKHM*daajfd+"
"11/07/2016"	"VIS"	201607230096	"VIS"	"LPF"		96	"Visiteur 96"	2016072300960	"2ABQKHM*daajga+"
"11/07/2016"	"VIS"	201607230097	"VIS"	"LPF"		97	"Visiteur 97"	2016072300977	"2ABQKHM*daajhh+"
"11/07/2016"	"VIS"	201607230098	"VIS"	"LPF"		98	"Visiteur 98"	2016072300984	"2ABQKHM*daajie+"
"11/07/2016"	"VIS"	201607230099	"VIS"	"LPF"		99	"Visiteur 99"	2016072300991	"2ABQKHM*daajjb+"
"11/07/2016"	"VIS"	201607230100	"VIS"	"LPF"		100	"Visiteur 100"	2016072301004	"2ABQKHM*dabaae+"
"11/07/2016"	"VIS"	201607230101	"VIS"	"LPF"		101	"Visiteur 101"	2016072301011	"2ABQKHM*dababb+"
"11/07/2016"	"VIS"	201607230102	"VIS"	"LPF"		102	"Visiteur 102"	2016072301028	"2ABQKHM*dabaci+"
"11/07/2016"	"VIS"	201607230103	"VIS"	"LPF"		103	"Visiteur 103"	2016072301035	"2ABQKHM*dabadf+"
"11/07/2016"	"VIS"	201607230104	"VIS"	"LPF"		104	"Visiteur 104"	2016072301042	"2ABQKHM*dabaec+"
"11/07/2016"	"VIS"	201607230105	"VIS"	"LPF"		105	"Visiteur 105"	2016072301059	"2ABQKHM*dabafj+"
"11/07/2016"	"VIS"	201607230106	"VIS"	"LPF"		106	"Visiteur 106"	2016072301066	"2ABQKHM*dabagg+"
"11/07/2016"	"VIS"	201607230107	"VIS"	"LPF"		107	"Visiteur 107"	2016072301073	"2ABQKHM*dabahd+"
"11/07/2016"	"VIS"	201607230108	"VIS"	"LPF"		108	"Visiteur 108"	2016072301080	"2ABQKHM*dabaia+"
"11/07/2016"	"VIS"	201607230109	"VIS"	"LPF"		109	"Visiteur 109"	2016072301097	"2ABQKHM*dabajh+"
"11/07/2016"	"VIS"	201607230110	"VIS"	"LPF"		110	"Visiteur 110"	2016072301103	"2ABQKHM*dabbad+"
"11/07/2016"	"VIS"	201607230111	"VIS"	"LPF"		111	"Visiteur 111"	2016072301110	"2ABQKHM*dabbba+"
"11/07/2016"	"VIS"	201607230112	"VIS"	"LPF"		112	"Visiteur 112"	2016072301127	"2ABQKHM*dabbch+"
"11/07/2016"	"VIS"	201607230113	"VIS"	"LPF"		113	"Visiteur 113"	2016072301134	"2ABQKHM*dabbde+"
"11/07/2016"	"VIS"	201607230114	"VIS"	"LPF"		114	"Visiteur 114"	2016072301141	"2ABQKHM*dabbeb+"
"11/07/2016"	"VIS"	201607230115	"VIS"	"LPF"		115	"Visiteur 115"	2016072301158	"2ABQKHM*dabbfi+"
"11/07/2016"	"VIS"	201607230116	"VIS"	"LPF"		116	"Visiteur 116"	2016072301165	"2ABQKHM*dabbgf+"
"11/07/2016"	"VIS"	201607230117	"VIS"	"LPF"		117	"Visiteur 117"	2016072301172	"2ABQKHM*dabbhc+"
"11/07/2016"	"VIS"	201607230118	"VIS"	"LPF"		118	"Visiteur 118"	2016072301189	"2ABQKHM*dabbij+"
"11/07/2016"	"VIS"	201607230119	"VIS"	"LPF"		119	"Visiteur 119"	2016072301196	"2ABQKHM*dabbjg+"
"11/07/2016"	"VIS"	201607230120	"VIS"	"LPF"		120	"Visiteur 120"	2016072301202	"2ABQKHM*dabcac+"
"11/07/2016"	"VIS"	201607230121	"VIS"	"LPF"		121	"Visiteur 121"	2016072301219	"2ABQKHM*dabcbj+"
"11/07/2016"	"VIS"	201607230122	"VIS"	"LPF"		122	"Visiteur 122"	2016072301226	"2ABQKHM*dabccg+"
"11/07/2016"	"VIS"	201607230123	"VIS"	"LPF"		123	"Visiteur 123"	2016072301233	"2ABQKHM*dabcdd+"
"11/07/2016"	"VIS"	201607230124	"VIS"	"LPF"		124	"Visiteur 124"	2016072301240	"2ABQKHM*dabcea+"
"11/07/2016"	"VIS"	201607230125	"VIS"	"LPF"		125	"Visiteur 125"	2016072301257	"2ABQKHM*dabcfh+"
"11/07/2016"	"VIS"	201607230126	"VIS"	"LPF"		126	"Visiteur 126"	2016072301264	"2ABQKHM*dabcge+"
"11/07/2016"	"VIS"	201607230127	"VIS"	"LPF"		127	"Visiteur 127"	2016072301271	"2ABQKHM*dabchb+"
"11/07/2016"	"VIS"	201607230128	"VIS"	"LPF"		128	"Visiteur 128"	2016072301288	"2ABQKHM*dabcii+"
"11/07/2016"	"VIS"	201607230129	"VIS"	"LPF"		129	"Visiteur 129"	2016072301295	"2ABQKHM*dabcjf+"
"11/07/2016"	"VIS"	201607230130	"VIS"	"LPF"		130	"Visiteur 130"	2016072301301	"2ABQKHM*dabdab+"
"11/07/2016"	"VIS"	201607230131	"VIS"	"LPF"		131	"Visiteur 131"	2016072301318	"2ABQKHM*dabdbi+"
"11/07/2016"	"VIS"	201607230132	"VIS"	"LPF"		132	"Visiteur 132"	2016072301325	"2ABQKHM*dabdcf+"
"11/07/2016"	"VIS"	201607230133	"VIS"	"LPF"		133	"Visiteur 133"	2016072301332	"2ABQKHM*dabddc+"
"11/07/2016"	"VIS"	201607230134	"VIS"	"LPF"		134	"Visiteur 134"	2016072301349	"2ABQKHM*dabdej+"
"11/07/2016"	"VIS"	201607230135	"VIS"	"LPF"		135	"Visiteur 135"	2016072301356	"2ABQKHM*dabdfg+"
"11/07/2016"	"VIS"	201607230136	"VIS"	"LPF"		136	"Visiteur 136"	2016072301363	"2ABQKHM*dabdgd+"
"11/07/2016"	"VIS"	201607230137	"VIS"	"LPF"		137	"Visiteur 137"	2016072301370	"2ABQKHM*dabdha+"
"11/07/2016"	"VIS"	201607230138	"VIS"	"LPF"		138	"Visiteur 138"	2016072301387	"2ABQKHM*dabdih+"
"11/07/2016"	"VIS"	201607230139	"VIS"	"LPF"		139	"Visiteur 139"	2016072301394	"2ABQKHM*dabdje+"
"11/07/2016"	"VIS"	201607230140	"VIS"	"LPF"		140	"Visiteur 140"	2016072301400	"2ABQKHM*dabeaa+"
"11/07/2016"	"VIS"	201607230141	"VIS"	"LPF"		141	"Visiteur 141"	2016072301417	"2ABQKHM*dabebh+"
"11/07/2016"	"VIS"	201607230142	"VIS"	"LPF"		142	"Visiteur 142"	2016072301424	"2ABQKHM*dabece+"
"11/07/2016"	"VIS"	201607230143	"VIS"	"LPF"		143	"Visiteur 143"	2016072301431	"2ABQKHM*dabedb+"
"11/07/2016"	"VIS"	201607230144	"VIS"	"LPF"		144	"Visiteur 144"	2016072301448	"2ABQKHM*dabeei+"
"11/07/2016"	"VIS"	201607230145	"VIS"	"LPF"		145	"Visiteur 145"	2016072301455	"2ABQKHM*dabeff+"
"11/07/2016"	"VIS"	201607230146	"VIS"	"LPF"		146	"Visiteur 146"	2016072301462	"2ABQKHM*dabegc+"
"11/07/2016"	"VIS"	201607230147	"VIS"	"LPF"		147	"Visiteur 147"	2016072301479	"2ABQKHM*dabehj+"
"11/07/2016"	"VIS"	201607230148	"VIS"	"LPF"		148	"Visiteur 148"	2016072301486	"2ABQKHM*dabeig+"
"11/07/2016"	"VIS"	201607230149	"VIS"	"LPF"		149	"Visiteur 149"	2016072301493	"2ABQKHM*dabejd+"
"11/07/2016"	"VIS"	201607230150	"VIS"	"LPF"		150	"Visiteur 150"	2016072301509	"2ABQKHM*dabfaj+"
"11/07/2016"	"VIS"	201607230151	"VIS"	"LPF"		151	"Visiteur 151"	2016072301516	"2ABQKHM*dabfbg+"
"11/07/2016"	"VIS"	201607230152	"VIS"	"LPF"		152	"Visiteur 152"	2016072301523	"2ABQKHM*dabfcd+"
"11/07/2016"	"VIS"	201607230153	"VIS"	"LPF"		153	"Visiteur 153"	2016072301530	"2ABQKHM*dabfda+"
"11/07/2016"	"VIS"	201607230154	"VIS"	"LPF"		154	"Visiteur 154"	2016072301547	"2ABQKHM*dabfeh+"
"11/07/2016"	"VIS"	201607230155	"VIS"	"LPF"		155	"Visiteur 155"	2016072301554	"2ABQKHM*dabffe+"
"11/07/2016"	"VIS"	201607230156	"VIS"	"LPF"		156	"Visiteur 156"	2016072301561	"2ABQKHM*dabfgb+"
"11/07/2016"	"VIS"	201607230157	"VIS"	"LPF"		157	"Visiteur 157"	2016072301578	"2ABQKHM*dabfhi+"
"11/07/2016"	"VIS"	201607230158	"VIS"	"LPF"		158	"Visiteur 158"	2016072301585	"2ABQKHM*dabfif+"
"11/07/2016"	"VIS"	201607230159	"VIS"	"LPF"		159	"Visiteur 159"	2016072301592	"2ABQKHM*dabfjc+"
"11/07/2016"	"VIS"	201607230160	"VIS"	"LPF"		160	"Visiteur 160"	2016072301608	"2ABQKHM*dabgai+"
"11/07/2016"	"VIS"	201607230161	"VIS"	"LPF"		161	"Visiteur 161"	2016072301615	"2ABQKHM*dabgbf+"
"11/07/2016"	"VIS"	201607230162	"VIS"	"LPF"		162	"Visiteur 162"	2016072301622	"2ABQKHM*dabgcc+"
"11/07/2016"	"VIS"	201607230163	"VIS"	"LPF"		163	"Visiteur 163"	2016072301639	"2ABQKHM*dabgdj+"
"11/07/2016"	"VIS"	201607230164	"VIS"	"LPF"		164	"Visiteur 164"	2016072301646	"2ABQKHM*dabgeg+"
"11/07/2016"	"VIS"	201607230165	"VIS"	"LPF"		165	"Visiteur 165"	2016072301653	"2ABQKHM*dabgfd+"
"11/07/2016"	"VIS"	201607230166	"VIS"	"LPF"		166	"Visiteur 166"	2016072301660	"2ABQKHM*dabgga+"
"11/07/2016"	"VIS"	201607230167	"VIS"	"LPF"		167	"Visiteur 167"	2016072301677	"2ABQKHM*dabghh+"
"11/07/2016"	"VIS"	201607230168	"VIS"	"LPF"		168	"Visiteur 168"	2016072301684	"2ABQKHM*dabgie+"
"11/07/2016"	"VIS"	201607230169	"VIS"	"LPF"		169	"Visiteur 169"	2016072301691	"2ABQKHM*dabgjb+"
"11/07/2016"	"VIS"	201607230170	"VIS"	"LPF"		170	"Visiteur 170"	2016072301707	"2ABQKHM*dabhah+"
"11/07/2016"	"VIS"	201607230171	"VIS"	"LPF"		171	"Visiteur 171"	2016072301714	"2ABQKHM*dabhbe+"
"11/07/2016"	"VIS"	201607230172	"VIS"	"LPF"		172	"Visiteur 172"	2016072301721	"2ABQKHM*dabhcb+"
"11/07/2016"	"VIS"	201607230173	"VIS"	"LPF"		173	"Visiteur 173"	2016072301738	"2ABQKHM*dabhdi+"
"11/07/2016"	"VIS"	201607230174	"VIS"	"LPF"		174	"Visiteur 174"	2016072301745	"2ABQKHM*dabhef+"
"11/07/2016"	"VIS"	201607230175	"VIS"	"LPF"		175	"Visiteur 175"	2016072301752	"2ABQKHM*dabhfc+"
"11/07/2016"	"VIS"	201607230176	"VIS"	"LPF"		176	"Visiteur 176"	2016072301769	"2ABQKHM*dabhgj+"
"11/07/2016"	"VIS"	201607230177	"VIS"	"LPF"		177	"Visiteur 177"	2016072301776	"2ABQKHM*dabhhg+"
"11/07/2016"	"VIS"	201607230178	"VIS"	"LPF"		178	"Visiteur 178"	2016072301783	"2ABQKHM*dabhid+"
"11/07/2016"	"VIS"	201607230179	"VIS"	"LPF"		179	"Visiteur 179"	2016072301790	"2ABQKHM*dabhja+"
"11/07/2016"	"VIS"	201607230180	"VIS"	"LPF"		180	"Visiteur 180"	2016072301806	"2ABQKHM*dabiag+"
"11/07/2016"	"VIS"	201607230181	"VIS"	"LPF"		181	"Visiteur 181"	2016072301813	"2ABQKHM*dabibd+"
"11/07/2016"	"VIS"	201607230182	"VIS"	"LPF"		182	"Visiteur 182"	2016072301820	"2ABQKHM*dabica+"
"11/07/2016"	"VIS"	201607230183	"VIS"	"LPF"		183	"Visiteur 183"	2016072301837	"2ABQKHM*dabidh+"
"11/07/2016"	"VIS"	201607230184	"VIS"	"LPF"		184	"Visiteur 184"	2016072301844	"2ABQKHM*dabiee+"
"11/07/2016"	"VIS"	201607230185	"VIS"	"LPF"		185	"Visiteur 185"	2016072301851	"2ABQKHM*dabifb+"
"11/07/2016"	"VIS"	201607230186	"VIS"	"LPF"		186	"Visiteur 186"	2016072301868	"2ABQKHM*dabigi+"
"11/07/2016"	"VIS"	201607230187	"VIS"	"LPF"		187	"Visiteur 187"	2016072301875	"2ABQKHM*dabihf+"
"11/07/2016"	"VIS"	201607230188	"VIS"	"LPF"		188	"Visiteur 188"	2016072301882	"2ABQKHM*dabiic+"
"11/07/2016"	"VIS"	201607230189	"VIS"	"LPF"		189	"Visiteur 189"	2016072301899	"2ABQKHM*dabijj+"
"11/07/2016"	"VIS"	201607230190	"VIS"	"LPF"		190	"Visiteur 190"	2016072301905	"2ABQKHM*dabjaf+"
"11/07/2016"	"VIS"	201607230191	"VIS"	"LPF"		191	"Visiteur 191"	2016072301912	"2ABQKHM*dabjbc+"
"11/07/2016"	"VIS"	201607230192	"VIS"	"LPF"		192	"Visiteur 192"	2016072301929	"2ABQKHM*dabjcj+"
"11/07/2016"	"VIS"	201607230193	"VIS"	"LPF"		193	"Visiteur 193"	2016072301936	"2ABQKHM*dabjdg+"
"11/07/2016"	"VIS"	201607230194	"VIS"	"LPF"		194	"Visiteur 194"	2016072301943	"2ABQKHM*dabjed+"
"11/07/2016"	"VIS"	201607230195	"VIS"	"LPF"		195	"Visiteur 195"	2016072301950	"2ABQKHM*dabjfa+"
"11/07/2016"	"VIS"	201607230196	"VIS"	"LPF"		196	"Visiteur 196"	2016072301967	"2ABQKHM*dabjgh+"
"11/07/2016"	"VIS"	201607230197	"VIS"	"LPF"		197	"Visiteur 197"	2016072301974	"2ABQKHM*dabjhe+"
"11/07/2016"	"VIS"	201607230198	"VIS"	"LPF"		198	"Visiteur 198"	2016072301981	"2ABQKHM*dabjib+"
"11/07/2016"	"VIS"	201607230199	"VIS"	"LPF"		199	"Visiteur 199"	2016072301998	"2ABQKHM*dabjji+"
"11/07/2016"	"VIS"	201607230200	"VIS"	"LPF"		200	"Visiteur 200"	2016072302001	"2ABQKHM*dacaab+"
"11/07/2016"	"VIS"	201607230201	"VIS"	"LPF"		201	"Visiteur 201"	2016072302018	"2ABQKHM*dacabi+"
"11/07/2016"	"VIS"	201607230202	"VIS"	"LPF"		202	"Visiteur 202"	2016072302025	"2ABQKHM*dacacf+"
"11/07/2016"	"VIS"	201607230203	"VIS"	"LPF"		203	"Visiteur 203"	2016072302032	"2ABQKHM*dacadc+"
"11/07/2016"	"VIS"	201607230204	"VIS"	"LPF"		204	"Visiteur 204"	2016072302049	"2ABQKHM*dacaej+"
"11/07/2016"	"VIS"	201607230205	"VIS"	"LPF"		205	"Visiteur 205"	2016072302056	"2ABQKHM*dacafg+"
"11/07/2016"	"VIS"	201607230206	"VIS"	"LPF"		206	"Visiteur 206"	2016072302063	"2ABQKHM*dacagd+"
"11/07/2016"	"VIS"	201607230207	"VIS"	"LPF"		207	"Visiteur 207"	2016072302070	"2ABQKHM*dacaha+"
"11/07/2016"	"VIS"	201607230208	"VIS"	"LPF"		208	"Visiteur 208"	2016072302087	"2ABQKHM*dacaih+"
"11/07/2016"	"VIS"	201607230209	"VIS"	"LPF"		209	"Visiteur 209"	2016072302094	"2ABQKHM*dacaje+"
"11/07/2016"	"VIS"	201607230210	"VIS"	"LPF"		210	"Visiteur 210"	2016072302100	"2ABQKHM*dacbaa+"
"11/07/2016"	"VIS"	201607230211	"VIS"	"LPF"		211	"Visiteur 211"	2016072302117	"2ABQKHM*dacbbh+"
"11/07/2016"	"VIS"	201607230212	"VIS"	"LPF"		212	"Visiteur 212"	2016072302124	"2ABQKHM*dacbce+"
"11/07/2016"	"VIS"	201607230213	"VIS"	"LPF"		213	"Visiteur 213"	2016072302131	"2ABQKHM*dacbdb+"
"11/07/2016"	"VIS"	201607230214	"VIS"	"LPF"		214	"Visiteur 214"	2016072302148	"2ABQKHM*dacbei+"
"11/07/2016"	"VIS"	201607230215	"VIS"	"LPF"		215	"Visiteur 215"	2016072302155	"2ABQKHM*dacbff+"
"11/07/2016"	"VIS"	201607230216	"VIS"	"LPF"		216	"Visiteur 216"	2016072302162	"2ABQKHM*dacbgc+"
"11/07/2016"	"VIS"	201607230217	"VIS"	"LPF"		217	"Visiteur 217"	2016072302179	"2ABQKHM*dacbhj+"
"11/07/2016"	"VIS"	201607230218	"VIS"	"LPF"		218	"Visiteur 218"	2016072302186	"2ABQKHM*dacbig+"
"11/07/2016"	"VIS"	201607230219	"VIS"	"LPF"		219	"Visiteur 219"	2016072302193	"2ABQKHM*dacbjd+"
"11/07/2016"	"VIS"	201607230220	"VIS"	"LPF"		220	"Visiteur 220"	2016072302209	"2ABQKHM*daccaj+"
"11/07/2016"	"VIS"	201607230221	"VIS"	"LPF"		221	"Visiteur 221"	2016072302216	"2ABQKHM*daccbg+"
"11/07/2016"	"VIS"	201607230222	"VIS"	"LPF"		222	"Visiteur 222"	2016072302223	"2ABQKHM*dacccd+"
"11/07/2016"	"VIS"	201607230223	"VIS"	"LPF"		223	"Visiteur 223"	2016072302230	"2ABQKHM*daccda+"
"11/07/2016"	"VIS"	201607230224	"VIS"	"LPF"		224	"Visiteur 224"	2016072302247	"2ABQKHM*dacceh+"
"11/07/2016"	"VIS"	201607230225	"VIS"	"LPF"		225	"Visiteur 225"	2016072302254	"2ABQKHM*daccfe+"
"11/07/2016"	"VIS"	201607230226	"VIS"	"LPF"		226	"Visiteur 226"	2016072302261	"2ABQKHM*daccgb+"
"11/07/2016"	"VIS"	201607230227	"VIS"	"LPF"		227	"Visiteur 227"	2016072302278	"2ABQKHM*dacchi+"
"11/07/2016"	"VIS"	201607230228	"VIS"	"LPF"		228	"Visiteur 228"	2016072302285	"2ABQKHM*daccif+"
"11/07/2016"	"VIS"	201607230229	"VIS"	"LPF"		229	"Visiteur 229"	2016072302292	"2ABQKHM*daccjc+"
"11/07/2016"	"VIS"	201607230230	"VIS"	"LPF"		230	"Visiteur 230"	2016072302308	"2ABQKHM*dacdai+"
"11/07/2016"	"VIS"	201607230231	"VIS"	"LPF"		231	"Visiteur 231"	2016072302315	"2ABQKHM*dacdbf+"
"11/07/2016"	"VIS"	201607230232	"VIS"	"LPF"		232	"Visiteur 232"	2016072302322	"2ABQKHM*dacdcc+"
"11/07/2016"	"VIS"	201607230233	"VIS"	"LPF"		233	"Visiteur 233"	2016072302339	"2ABQKHM*dacddj+"
"11/07/2016"	"VIS"	201607230234	"VIS"	"LPF"		234	"Visiteur 234"	2016072302346	"2ABQKHM*dacdeg+"
"11/07/2016"	"VIS"	201607230235	"VIS"	"LPF"		235	"Visiteur 235"	2016072302353	"2ABQKHM*dacdfd+"
"11/07/2016"	"VIS"	201607230236	"VIS"	"LPF"		236	"Visiteur 236"	2016072302360	"2ABQKHM*dacdga+"
"11/07/2016"	"VIS"	201607230237	"VIS"	"LPF"		237	"Visiteur 237"	2016072302377	"2ABQKHM*dacdhh+"
"11/07/2016"	"VIS"	201607230238	"VIS"	"LPF"		238	"Visiteur 238"	2016072302384	"2ABQKHM*dacdie+"
"11/07/2016"	"VIS"	201607230239	"VIS"	"LPF"		239	"Visiteur 239"	2016072302391	"2ABQKHM*dacdjb+"
"11/07/2016"	"VIS"	201607230240	"VIS"	"LPF"		240	"Visiteur 240"	2016072302407	"2ABQKHM*daceah+"
"11/07/2016"	"VIS"	201607230241	"VIS"	"LPF"		241	"Visiteur 241"	2016072302414	"2ABQKHM*dacebe+"
"11/07/2016"	"VIS"	201607230242	"VIS"	"LPF"		242	"Visiteur 242"	2016072302421	"2ABQKHM*dacecb+"
"11/07/2016"	"VIS"	201607230243	"VIS"	"LPF"		243	"Visiteur 243"	2016072302438	"2ABQKHM*dacedi+"
"11/07/2016"	"VIS"	201607230244	"VIS"	"LPF"		244	"Visiteur 244"	2016072302445	"2ABQKHM*daceef+"
"11/07/2016"	"VIS"	201607230245	"VIS"	"LPF"		245	"Visiteur 245"	2016072302452	"2ABQKHM*dacefc+"
"11/07/2016"	"VIS"	201607230246	"VIS"	"LPF"		246	"Visiteur 246"	2016072302469	"2ABQKHM*dacegj+"
"11/07/2016"	"VIS"	201607230247	"VIS"	"LPF"		247	"Visiteur 247"	2016072302476	"2ABQKHM*dacehg+"
"11/07/2016"	"VIS"	201607230248	"VIS"	"LPF"		248	"Visiteur 248"	2016072302483	"2ABQKHM*daceid+"
"11/07/2016"	"VIS"	201607230249	"VIS"	"LPF"		249	"Visiteur 249"	2016072302490	"2ABQKHM*daceja+"
"11/07/2016"	"VIS"	201607230250	"VIS"	"LPF"		250	"Visiteur 250"	2016072302506	"2ABQKHM*dacfag+"
"11/07/2016"	"VIS"	201607230251	"VIS"	"LPF"		251	"Visiteur 251"	2016072302513	"2ABQKHM*dacfbd+"
"11/07/2016"	"VIS"	201607230252	"VIS"	"LPF"		252	"Visiteur 252"	2016072302520	"2ABQKHM*dacfca+"
"11/07/2016"	"VIS"	201607230253	"VIS"	"LPF"		253	"Visiteur 253"	2016072302537	"2ABQKHM*dacfdh+"
"11/07/2016"	"VIS"	201607230254	"VIS"	"LPF"		254	"Visiteur 254"	2016072302544	"2ABQKHM*dacfee+"
"11/07/2016"	"VIS"	201607230255	"VIS"	"LPF"		255	"Visiteur 255"	2016072302551	"2ABQKHM*dacffb+"
"11/07/2016"	"VIS"	201607230256	"VIS"	"LPF"		256	"Visiteur 256"	2016072302568	"2ABQKHM*dacfgi+"
"11/07/2016"	"VIS"	201607230257	"VIS"	"LPF"		257	"Visiteur 257"	2016072302575	"2ABQKHM*dacfhf+"
"11/07/2016"	"VIS"	201607230258	"VIS"	"LPF"		258	"Visiteur 258"	2016072302582	"2ABQKHM*dacfic+"
"11/07/2016"	"VIS"	201607230259	"VIS"	"LPF"		259	"Visiteur 259"	2016072302599	"2ABQKHM*dacfjj+"
"11/07/2016"	"VIS"	201607230260	"VIS"	"LPF"		260	"Visiteur 260"	2016072302605	"2ABQKHM*dacgaf+"
"11/07/2016"	"VIS"	201607230261	"VIS"	"LPF"		261	"Visiteur 261"	2016072302612	"2ABQKHM*dacgbc+"
"11/07/2016"	"VIS"	201607230262	"VIS"	"LPF"		262	"Visiteur 262"	2016072302629	"2ABQKHM*dacgcj+"
"11/07/2016"	"VIS"	201607230263	"VIS"	"LPF"		263	"Visiteur 263"	2016072302636	"2ABQKHM*dacgdg+"
"11/07/2016"	"VIS"	201607230264	"VIS"	"LPF"		264	"Visiteur 264"	2016072302643	"2ABQKHM*dacged+"
"11/07/2016"	"VIS"	201607230265	"VIS"	"LPF"		265	"Visiteur 265"	2016072302650	"2ABQKHM*dacgfa+"
"11/07/2016"	"VIS"	201607230266	"VIS"	"LPF"		266	"Visiteur 266"	2016072302667	"2ABQKHM*dacggh+"
"11/07/2016"	"VIS"	201607230267	"VIS"	"LPF"		267	"Visiteur 267"	2016072302674	"2ABQKHM*dacghe+"
"11/07/2016"	"VIS"	201607230268	"VIS"	"LPF"		268	"Visiteur 268"	2016072302681	"2ABQKHM*dacgib+"
"11/07/2016"	"VIS"	201607230269	"VIS"	"LPF"		269	"Visiteur 269"	2016072302698	"2ABQKHM*dacgji+"
"11/07/2016"	"VIS"	201607230270	"VIS"	"LPF"		270	"Visiteur 270"	2016072302704	"2ABQKHM*dachae+"
"11/07/2016"	"VIS"	201607230271	"VIS"	"LPF"		271	"Visiteur 271"	2016072302711	"2ABQKHM*dachbb+"
"11/07/2016"	"VIS"	201607230272	"VIS"	"LPF"		272	"Visiteur 272"	2016072302728	"2ABQKHM*dachci+"
"11/07/2016"	"VIS"	201607230273	"VIS"	"LPF"		273	"Visiteur 273"	2016072302735	"2ABQKHM*dachdf+"
"11/07/2016"	"VIS"	201607230274	"VIS"	"LPF"		274	"Visiteur 274"	2016072302742	"2ABQKHM*dachec+"
"11/07/2016"	"VIS"	201607230275	"VIS"	"LPF"		275	"Visiteur 275"	2016072302759	"2ABQKHM*dachfj+"
"11/07/2016"	"VIS"	201607230276	"VIS"	"LPF"		276	"Visiteur 276"	2016072302766	"2ABQKHM*dachgg+"
"11/07/2016"	"VIS"	201607230277	"VIS"	"LPF"		277	"Visiteur 277"	2016072302773	"2ABQKHM*dachhd+"
"11/07/2016"	"VIS"	201607230278	"VIS"	"LPF"		278	"Visiteur 278"	2016072302780	"2ABQKHM*dachia+"
"11/07/2016"	"VIS"	201607230279	"VIS"	"LPF"		279	"Visiteur 279"	2016072302797	"2ABQKHM*dachjh+"
"11/07/2016"	"VIS"	201607230280	"VIS"	"LPF"		280	"Visiteur 280"	2016072302803	"2ABQKHM*daciad+"
"11/07/2016"	"VIS"	201607230281	"VIS"	"LPF"		281	"Visiteur 281"	2016072302810	"2ABQKHM*daciba+"
"11/07/2016"	"VIS"	201607230282	"VIS"	"LPF"		282	"Visiteur 282"	2016072302827	"2ABQKHM*dacich+"
"11/07/2016"	"VIS"	201607230283	"VIS"	"LPF"		283	"Visiteur 283"	2016072302834	"2ABQKHM*dacide+"
"11/07/2016"	"VIS"	201607230284	"VIS"	"LPF"		284	"Visiteur 284"	2016072302841	"2ABQKHM*dacieb+"
"11/07/2016"	"VIS"	201607230285	"VIS"	"LPF"		285	"Visiteur 285"	2016072302858	"2ABQKHM*dacifi+"
"11/07/2016"	"VIS"	201607230286	"VIS"	"LPF"		286	"Visiteur 286"	2016072302865	"2ABQKHM*dacigf+"
"11/07/2016"	"VIS"	201607230287	"VIS"	"LPF"		287	"Visiteur 287"	2016072302872	"2ABQKHM*dacihc+"
"11/07/2016"	"VIS"	201607230288	"VIS"	"LPF"		288	"Visiteur 288"	2016072302889	"2ABQKHM*daciij+"
"11/07/2016"	"VIS"	201607230289	"VIS"	"LPF"		289	"Visiteur 289"	2016072302896	"2ABQKHM*dacijg+"
"11/07/2016"	"VIS"	201607230290	"VIS"	"LPF"		290	"Visiteur 290"	2016072302902	"2ABQKHM*dacjac+"
"11/07/2016"	"VIS"	201607230291	"VIS"	"LPF"		291	"Visiteur 291"	2016072302919	"2ABQKHM*dacjbj+"
"11/07/2016"	"VIS"	201607230292	"VIS"	"LPF"		292	"Visiteur 292"	2016072302926	"2ABQKHM*dacjcg+"
"11/07/2016"	"VIS"	201607230293	"VIS"	"LPF"		293	"Visiteur 293"	2016072302933	"2ABQKHM*dacjdd+"
"11/07/2016"	"VIS"	201607230294	"VIS"	"LPF"		294	"Visiteur 294"	2016072302940	"2ABQKHM*dacjea+"
"11/07/2016"	"VIS"	201607230295	"VIS"	"LPF"		295	"Visiteur 295"	2016072302957	"2ABQKHM*dacjfh+"
"11/07/2016"	"VIS"	201607230296	"VIS"	"LPF"		296	"Visiteur 296"	2016072302964	"2ABQKHM*dacjge+"
"11/07/2016"	"VIS"	201607230297	"VIS"	"LPF"		297	"Visiteur 297"	2016072302971	"2ABQKHM*dacjhb+"
"11/07/2016"	"VIS"	201607230298	"VIS"	"LPF"		298	"Visiteur 298"	2016072302988	"2ABQKHM*dacjii+"
"11/07/2016"	"VIS"	201607230299	"VIS"	"LPF"		299	"Visiteur 299"	2016072302995	"2ABQKHM*dacjjf+"
"11/07/2016"	"VIS"	201607230300	"VIS"	"LPF"		300	"Visiteur 300"	2016072303008	"2ABQKHM*dadaai+"
"11/07/2016"	"VIS"	201607230301	"VIS"	"LPF"		301	"Visiteur 301"	2016072303015	"2ABQKHM*dadabf+"
"11/07/2016"	"VIS"	201607230302	"VIS"	"LPF"		302	"Visiteur 302"	2016072303022	"2ABQKHM*dadacc+"
"11/07/2016"	"VIS"	201607230303	"VIS"	"LPF"		303	"Visiteur 303"	2016072303039	"2ABQKHM*dadadj+"
"11/07/2016"	"VIS"	201607230304	"VIS"	"LPF"		304	"Visiteur 304"	2016072303046	"2ABQKHM*dadaeg+"
"11/07/2016"	"VIS"	201607230305	"VIS"	"LPF"		305	"Visiteur 305"	2016072303053	"2ABQKHM*dadafd+"
"11/07/2016"	"VIS"	201607230306	"VIS"	"LPF"		306	"Visiteur 306"	2016072303060	"2ABQKHM*dadaga+"
"11/07/2016"	"VIS"	201607230307	"VIS"	"LPF"		307	"Visiteur 307"	2016072303077	"2ABQKHM*dadahh+"
"11/07/2016"	"VIS"	201607230308	"VIS"	"LPF"		308	"Visiteur 308"	2016072303084	"2ABQKHM*dadaie+"
"11/07/2016"	"VIS"	201607230309	"VIS"	"LPF"		309	"Visiteur 309"	2016072303091	"2ABQKHM*dadajb+"
"11/07/2016"	"VIS"	201607230310	"VIS"	"LPF"		310	"Visiteur 310"	2016072303107	"2ABQKHM*dadbah+"
"11/07/2016"	"VIS"	201607230311	"VIS"	"LPF"		311	"Visiteur 311"	2016072303114	"2ABQKHM*dadbbe+"
"11/07/2016"	"VIS"	201607230312	"VIS"	"LPF"		312	"Visiteur 312"	2016072303121	"2ABQKHM*dadbcb+"
"11/07/2016"	"VIS"	201607230313	"VIS"	"LPF"		313	"Visiteur 313"	2016072303138	"2ABQKHM*dadbdi+"
"11/07/2016"	"VIS"	201607230314	"VIS"	"LPF"		314	"Visiteur 314"	2016072303145	"2ABQKHM*dadbef+"
"11/07/2016"	"VIS"	201607230315	"VIS"	"LPF"		315	"Visiteur 315"	2016072303152	"2ABQKHM*dadbfc+"
"11/07/2016"	"VIS"	201607230316	"VIS"	"LPF"		316	"Visiteur 316"	2016072303169	"2ABQKHM*dadbgj+"
"11/07/2016"	"VIS"	201607230317	"VIS"	"LPF"		317	"Visiteur 317"	2016072303176	"2ABQKHM*dadbhg+"
"11/07/2016"	"VIS"	201607230318	"VIS"	"LPF"		318	"Visiteur 318"	2016072303183	"2ABQKHM*dadbid+"
"11/07/2016"	"VIS"	201607230319	"VIS"	"LPF"		319	"Visiteur 319"	2016072303190	"2ABQKHM*dadbja+"
"11/07/2016"	"VIS"	201607230320	"VIS"	"LPF"		320	"Visiteur 320"	2016072303206	"2ABQKHM*dadcag+"
"11/07/2016"	"VIS"	201607230321	"VIS"	"LPF"		321	"Visiteur 321"	2016072303213	"2ABQKHM*dadcbd+"
"11/07/2016"	"VIS"	201607230322	"VIS"	"LPF"		322	"Visiteur 322"	2016072303220	"2ABQKHM*dadcca+"
"11/07/2016"	"VIS"	201607230323	"VIS"	"LPF"		323	"Visiteur 323"	2016072303237	"2ABQKHM*dadcdh+"
"11/07/2016"	"VIS"	201607230324	"VIS"	"LPF"		324	"Visiteur 324"	2016072303244	"2ABQKHM*dadcee+"
"11/07/2016"	"VIS"	201607230325	"VIS"	"LPF"		325	"Visiteur 325"	2016072303251	"2ABQKHM*dadcfb+"
"11/07/2016"	"VIS"	201607230326	"VIS"	"LPF"		326	"Visiteur 326"	2016072303268	"2ABQKHM*dadcgi+"
"11/07/2016"	"VIS"	201607230327	"VIS"	"LPF"		327	"Visiteur 327"	2016072303275	"2ABQKHM*dadchf+"
"11/07/2016"	"VIS"	201607230328	"VIS"	"LPF"		328	"Visiteur 328"	2016072303282	"2ABQKHM*dadcic+"
"11/07/2016"	"VIS"	201607230329	"VIS"	"LPF"		329	"Visiteur 329"	2016072303299	"2ABQKHM*dadcjj+"
"11/07/2016"	"VIS"	201607230330	"VIS"	"LPF"		330	"Visiteur 330"	2016072303305	"2ABQKHM*daddaf+"
"11/07/2016"	"VIS"	201607230331	"VIS"	"LPF"		331	"Visiteur 331"	2016072303312	"2ABQKHM*daddbc+"
"11/07/2016"	"VIS"	201607230332	"VIS"	"LPF"		332	"Visiteur 332"	2016072303329	"2ABQKHM*daddcj+"
"11/07/2016"	"VIS"	201607230333	"VIS"	"LPF"		333	"Visiteur 333"	2016072303336	"2ABQKHM*dadddg+"
"11/07/2016"	"VIS"	201607230334	"VIS"	"LPF"		334	"Visiteur 334"	2016072303343	"2ABQKHM*dadded+"
"11/07/2016"	"VIS"	201607230335	"VIS"	"LPF"		335	"Visiteur 335"	2016072303350	"2ABQKHM*daddfa+"
"11/07/2016"	"VIS"	201607230336	"VIS"	"LPF"		336	"Visiteur 336"	2016072303367	"2ABQKHM*daddgh+"
"11/07/2016"	"VIS"	201607230337	"VIS"	"LPF"		337	"Visiteur 337"	2016072303374	"2ABQKHM*daddhe+"
"11/07/2016"	"VIS"	201607230338	"VIS"	"LPF"		338	"Visiteur 338"	2016072303381	"2ABQKHM*daddib+"
"11/07/2016"	"VIS"	201607230339	"VIS"	"LPF"		339	"Visiteur 339"	2016072303398	"2ABQKHM*daddji+"
"11/07/2016"	"VIS"	201607230340	"VIS"	"LPF"		340	"Visiteur 340"	2016072303404	"2ABQKHM*dadeae+"
"11/07/2016"	"VIS"	201607230341	"VIS"	"LPF"		341	"Visiteur 341"	2016072303411	"2ABQKHM*dadebb+"
"11/07/2016"	"VIS"	201607230342	"VIS"	"LPF"		342	"Visiteur 342"	2016072303428	"2ABQKHM*dadeci+"
"11/07/2016"	"VIS"	201607230343	"VIS"	"LPF"		343	"Visiteur 343"	2016072303435	"2ABQKHM*dadedf+"
"11/07/2016"	"VIS"	201607230344	"VIS"	"LPF"		344	"Visiteur 344"	2016072303442	"2ABQKHM*dadeec+"
"11/07/2016"	"VIS"	201607230345	"VIS"	"LPF"		345	"Visiteur 345"	2016072303459	"2ABQKHM*dadefj+"
"11/07/2016"	"VIS"	201607230346	"VIS"	"LPF"		346	"Visiteur 346"	2016072303466	"2ABQKHM*dadegg+"
"11/07/2016"	"VIS"	201607230347	"VIS"	"LPF"		347	"Visiteur 347"	2016072303473	"2ABQKHM*dadehd+"
"11/07/2016"	"VIS"	201607230348	"VIS"	"LPF"		348	"Visiteur 348"	2016072303480	"2ABQKHM*dadeia+"
"11/07/2016"	"VIS"	201607230349	"VIS"	"LPF"		349	"Visiteur 349"	2016072303497	"2ABQKHM*dadejh+"
"11/07/2016"	"VIS"	201607230350	"VIS"	"LPF"		350	"Visiteur 350"	2016072303503	"2ABQKHM*dadfad+"
"11/07/2016"	"VIS"	201607230351	"VIS"	"LPF"		351	"Visiteur 351"	2016072303510	"2ABQKHM*dadfba+"
"11/07/2016"	"VIS"	201607230352	"VIS"	"LPF"		352	"Visiteur 352"	2016072303527	"2ABQKHM*dadfch+"
"11/07/2016"	"VIS"	201607230353	"VIS"	"LPF"		353	"Visiteur 353"	2016072303534	"2ABQKHM*dadfde+"
"11/07/2016"	"VIS"	201607230354	"VIS"	"LPF"		354	"Visiteur 354"	2016072303541	"2ABQKHM*dadfeb+"
"11/07/2016"	"VIS"	201607230355	"VIS"	"LPF"		355	"Visiteur 355"	2016072303558	"2ABQKHM*dadffi+"
"11/07/2016"	"VIS"	201607230356	"VIS"	"LPF"		356	"Visiteur 356"	2016072303565	"2ABQKHM*dadfgf+"
"11/07/2016"	"VIS"	201607230357	"VIS"	"LPF"		357	"Visiteur 357"	2016072303572	"2ABQKHM*dadfhc+"
"11/07/2016"	"VIS"	201607230358	"VIS"	"LPF"		358	"Visiteur 358"	2016072303589	"2ABQKHM*dadfij+"
"11/07/2016"	"VIS"	201607230359	"VIS"	"LPF"		359	"Visiteur 359"	2016072303596	"2ABQKHM*dadfjg+"
"11/07/2016"	"VIS"	201607230360	"VIS"	"LPF"		360	"Visiteur 360"	2016072303602	"2ABQKHM*dadgac+"
"11/07/2016"	"VIS"	201607230361	"VIS"	"LPF"		361	"Visiteur 361"	2016072303619	"2ABQKHM*dadgbj+"
"11/07/2016"	"VIS"	201607230362	"VIS"	"LPF"		362	"Visiteur 362"	2016072303626	"2ABQKHM*dadgcg+"
"11/07/2016"	"VIS"	201607230363	"VIS"	"LPF"		363	"Visiteur 363"	2016072303633	"2ABQKHM*dadgdd+"
"11/07/2016"	"VIS"	201607230364	"VIS"	"LPF"		364	"Visiteur 364"	2016072303640	"2ABQKHM*dadgea+"
"11/07/2016"	"VIS"	201607230365	"VIS"	"LPF"		365	"Visiteur 365"	2016072303657	"2ABQKHM*dadgfh+"
"11/07/2016"	"VIS"	201607230366	"VIS"	"LPF"		366	"Visiteur 366"	2016072303664	"2ABQKHM*dadgge+"
"11/07/2016"	"VIS"	201607230367	"VIS"	"LPF"		367	"Visiteur 367"	2016072303671	"2ABQKHM*dadghb+"
"11/07/2016"	"VIS"	201607230368	"VIS"	"LPF"		368	"Visiteur 368"	2016072303688	"2ABQKHM*dadgii+"
"11/07/2016"	"VIS"	201607230369	"VIS"	"LPF"		369	"Visiteur 369"	2016072303695	"2ABQKHM*dadgjf+"
"11/07/2016"	"VIS"	201607230370	"VIS"	"LPF"		370	"Visiteur 370"	2016072303701	"2ABQKHM*dadhab+"
"11/07/2016"	"VIS"	201607230371	"VIS"	"LPF"		371	"Visiteur 371"	2016072303718	"2ABQKHM*dadhbi+"
"11/07/2016"	"VIS"	201607230372	"VIS"	"LPF"		372	"Visiteur 372"	2016072303725	"2ABQKHM*dadhcf+"
"11/07/2016"	"VIS"	201607230373	"VIS"	"LPF"		373	"Visiteur 373"	2016072303732	"2ABQKHM*dadhdc+"
"11/07/2016"	"VIS"	201607230374	"VIS"	"LPF"		374	"Visiteur 374"	2016072303749	"2ABQKHM*dadhej+"
"11/07/2016"	"VIS"	201607230375	"VIS"	"LPF"		375	"Visiteur 375"	2016072303756	"2ABQKHM*dadhfg+"
"11/07/2016"	"VIS"	201607230376	"VIS"	"LPF"		376	"Visiteur 376"	2016072303763	"2ABQKHM*dadhgd+"
"11/07/2016"	"VIS"	201607230377	"VIS"	"LPF"		377	"Visiteur 377"	2016072303770	"2ABQKHM*dadhha+"
"11/07/2016"	"VIS"	201607230378	"VIS"	"LPF"		378	"Visiteur 378"	2016072303787	"2ABQKHM*dadhih+"
"11/07/2016"	"VIS"	201607230379	"VIS"	"LPF"		379	"Visiteur 379"	2016072303794	"2ABQKHM*dadhje+"
"11/07/2016"	"VIS"	201607230380	"VIS"	"LPF"		380	"Visiteur 380"	2016072303800	"2ABQKHM*dadiaa+"
"11/07/2016"	"VIS"	201607230381	"VIS"	"LPF"		381	"Visiteur 381"	2016072303817	"2ABQKHM*dadibh+"
"11/07/2016"	"VIS"	201607230382	"VIS"	"LPF"		382	"Visiteur 382"	2016072303824	"2ABQKHM*dadice+"
"11/07/2016"	"VIS"	201607230383	"VIS"	"LPF"		383	"Visiteur 383"	2016072303831	"2ABQKHM*dadidb+"
"11/07/2016"	"VIS"	201607230384	"VIS"	"LPF"		384	"Visiteur 384"	2016072303848	"2ABQKHM*dadiei+"
"11/07/2016"	"VIS"	201607230385	"VIS"	"LPF"		385	"Visiteur 385"	2016072303855	"2ABQKHM*dadiff+"
"11/07/2016"	"VIS"	201607230386	"VIS"	"LPF"		386	"Visiteur 386"	2016072303862	"2ABQKHM*dadigc+"
"11/07/2016"	"VIS"	201607230387	"VIS"	"LPF"		387	"Visiteur 387"	2016072303879	"2ABQKHM*dadihj+"
"11/07/2016"	"VIS"	201607230388	"VIS"	"LPF"		388	"Visiteur 388"	2016072303886	"2ABQKHM*dadiig+"
"11/07/2016"	"VIS"	201607230389	"VIS"	"LPF"		389	"Visiteur 389"	2016072303893	"2ABQKHM*dadijd+"
"11/07/2016"	"VIS"	201607230390	"VIS"	"LPF"		390	"Visiteur 390"	2016072303909	"2ABQKHM*dadjaj+"
"11/07/2016"	"VIS"	201607230391	"VIS"	"LPF"		391	"Visiteur 391"	2016072303916	"2ABQKHM*dadjbg+"
"11/07/2016"	"VIS"	201607230392	"VIS"	"LPF"		392	"Visiteur 392"	2016072303923	"2ABQKHM*dadjcd+"
"11/07/2016"	"VIS"	201607230393	"VIS"	"LPF"		393	"Visiteur 393"	2016072303930	"2ABQKHM*dadjda+"
"11/07/2016"	"VIS"	201607230394	"VIS"	"LPF"		394	"Visiteur 394"	2016072303947	"2ABQKHM*dadjeh+"
"11/07/2016"	"VIS"	201607230395	"VIS"	"LPF"		395	"Visiteur 395"	2016072303954	"2ABQKHM*dadjfe+"
"11/07/2016"	"VIS"	201607230396	"VIS"	"LPF"		396	"Visiteur 396"	2016072303961	"2ABQKHM*dadjgb+"
"11/07/2016"	"VIS"	201607230397	"VIS"	"LPF"		397	"Visiteur 397"	2016072303978	"2ABQKHM*dadjhi+"
"11/07/2016"	"VIS"	201607230398	"VIS"	"LPF"		398	"Visiteur 398"	2016072303985	"2ABQKHM*dadjif+"
"11/07/2016"	"VIS"	201607230399	"VIS"	"LPF"		399	"Visiteur 399"	2016072303992	"2ABQKHM*dadjjc+"
