start	end	b_group	b_id	c_group	c_id	u_group	u_id	r_group	r_id	p_group	p_id	e_group	e_id	h_group	h_id	m_group	m_id	a_group	a_id	o_group	o_id	n_group	n_id	order	value	unit	category	min	max	start	a_start	a_level	a_media
Fri Jul 22 14:21:15 2016	Fri Jul 22 14:21:45 2016	VIS	201607230003			mngr	CHRI		VIS	LPF	ENV						MINU							LPF	30.0							
Fri Jul 22 14:21:15 2016	Fri Jul 22 14:21:45 2016	VIS	201607230003			mngr	CHRI		VIS	LPF	ENV						TEMP							LPF								
Fri Jul 22 14:21:45 2016	Fri Jul 22 14:22:52 2016	VIS	201607230003			mngr	CHRI		VIS	LPF	ENV						MINU							LPF	67.0							
Fri Jul 22 14:21:45 2016	Fri Jul 22 14:22:53 2016	VIS	201607230003			mngr	CHRI		VIS	LPF	ENV						TEMP							LPF	28.125			28.125	28.125			
Fri Jul 22 14:35:09 2016	Fri Jul 22 14:35:52 2016	VIS	201607230003			mngr	CHRI		VIS	LPF	CHAP						CO2							LPF	4307.36842105			4307.36842105	4307.36842105			
Fri Jul 22 14:35:09 2016	Fri Jul 22 14:35:52 2016	VIS	201607230003			mngr	CHRI		VIS	LPF	CHAP						TEMP							LPF	27.9375			27.9375	27.9375			
Fri Jul 22 14:35:09 2016	Fri Jul 22 14:35:52 2016	VIS	201607230003			mngr	CHRI		VIS	LPF	CHAP						TANI							LPF								
Fri Jul 22 14:35:09 2016	Fri Jul 22 14:35:52 2016	VIS	201607230003			mngr	CHRI		VIS	LPF	CHAP						LUX							LPF	569.4736842105			566.315789474	572.631578947			
Fri Jul 22 14:35:09 2016	Fri Jul 22 14:35:52 2016	VIS	201607230003			mngr	CHRI		VIS	LPF	CHAP						THEME							LPF	3							
Fri Jul 22 14:35:09 2016	Fri Jul 22 14:35:52 2016	VIS	201607230003			mngr	CHRI		VIS	LPF	CHAP						TRPI							LPF	33.3125			33.3125	33.3125			
Fri Jul 22 14:35:09 2016	Fri Jul 22 14:35:53 2016	VIS	201607230003			mngr	CHRI		VIS	LPF	CHAP						DEJA							LPF	3							
Fri Jul 22 14:35:09 2016	Fri Jul 22 14:35:53 2016	VIS	201607230003			mngr	CHRI		VIS	LPF	CHAP						RH							LPF	54.942			54.8842	54.9998			
Fri Jul 22 14:35:09 2016	Fri Jul 22 14:35:53 2016	VIS	201607230003			mngr	CHRI		VIS	LPF	CHAP						MINU							LPF	43.0							
Fri Jul 22 14:35:53 2016	Fri Jul 22 14:36:26 2016	VIS	201607230003			mngr	CHRI		VIS	LPF	CHAP						CO2							LPF	4307.36842105			4307.36842105	4307.36842105			
Fri Jul 22 14:35:53 2016	Fri Jul 22 14:36:26 2016	VIS	201607230003			mngr	CHRI		VIS	LPF	CHAP						TEMP							LPF	28.0			28.0	28.0			
Fri Jul 22 14:35:53 2016	Fri Jul 22 14:36:26 2016	VIS	201607230003			mngr	CHRI		VIS	LPF	CHAP						TANI							LPF	28.3125			28.3125	28.3125			
Fri Jul 22 14:35:53 2016	Fri Jul 22 14:36:26 2016	VIS	201607230003			mngr	CHRI		VIS	LPF	CHAP						LUX							LPF	584.2105263159999			583.157894737	585.263157895			
Fri Jul 22 14:35:53 2016	Fri Jul 22 14:37:05 2016	VIS	201607230003			mngr	CHRI		VIS	LPF	CHAP						CO2							LPF	4307.36842105			4307.36842105	4307.36842105			
Fri Jul 22 14:35:53 2016	Fri Jul 22 14:37:05 2016	VIS	201607230003			mngr	CHRI		VIS	LPF	CHAP						TEMP							LPF	28.0			28.0	28.0			
Fri Jul 22 14:35:53 2016	Fri Jul 22 14:37:05 2016	VIS	201607230003			mngr	CHRI		VIS	LPF	CHAP						TANI							LPF	28.3125			28.3125	28.3125			
Fri Jul 22 14:35:53 2016	Fri Jul 22 14:37:06 2016	VIS	201607230003			mngr	CHRI		VIS	LPF	CHAP						LUX							LPF	583.6842105264999			583.157894737	585.263157895			
Fri Jul 22 14:35:53 2016	Fri Jul 22 14:37:37 2016	VIS	201607230003			mngr	CHRI		VIS	LPF	CHAP						CO2							LPF	4307.36842105			4307.36842105	4307.36842105			
Fri Jul 22 14:35:53 2016	Fri Jul 22 14:37:37 2016	VIS	201607230003			mngr	CHRI		VIS	LPF	CHAP						TEMP							LPF	28.0			28.0	28.0			
Fri Jul 22 14:35:53 2016	Fri Jul 22 14:37:37 2016	VIS	201607230003			mngr	CHRI		VIS	LPF	CHAP						TANI							LPF	28.3125			28.3125	28.3125			
Fri Jul 22 14:35:53 2016	Fri Jul 22 14:37:37 2016	VIS	201607230003			mngr	CHRI		VIS	LPF	CHAP						LUX							LPF	579.2982456141666			566.315789474	585.263157895			
Fri Jul 22 14:35:53 2016	Fri Jul 22 14:37:37 2016	VIS	201607230003			mngr	CHRI		VIS	LPF	CHAP						THEME							LPF	3							
Fri Jul 22 14:35:53 2016	Fri Jul 22 14:37:37 2016	VIS	201607230003			mngr	CHRI		VIS	LPF	CHAP						TRPI							LPF	33.3125			33.3125	33.3125			
Fri Jul 22 14:35:53 2016	Fri Jul 22 14:37:37 2016	VIS	201607230003			mngr	CHRI		VIS	LPF	CHAP						DEJA							LPF	3							
Fri Jul 22 14:35:53 2016	Fri Jul 22 14:37:38 2016	VIS	201607230003			mngr	CHRI		VIS	LPF	CHAP						RH							LPF	54.67245			54.5359	54.9848			
Fri Jul 22 14:35:53 2016	Fri Jul 22 14:37:38 2016	VIS	201607230003			mngr	CHRI		VIS	LPF	CHAP						MINU							LPF	103.0							
Fri Jul 22 14:56:57 2016	Fri Jul 22 14:57:40 2016	VIS	201607230003			mngr	CHRI		VIS	LPF	ENV						MINU							LPF	43.0							
Fri Jul 22 14:56:57 2016	Fri Jul 22 14:57:40 2016	VIS	201607230003			mngr	CHRI		VIS	LPF	ENV						TEMP							LPF								
Fri Jul 22 14:58:02 2016	Fri Jul 22 14:58:32 2016	VIS	201607230001			mngr	CHRI		VIS	LPF	CHAP						CO2							LPF	4307.36842105			4307.36842105	4307.36842105			
Fri Jul 22 14:58:02 2016	Fri Jul 22 14:58:32 2016	VIS	201607230001			mngr	CHRI		VIS	LPF	CHAP						TEMP							LPF	28.125			28.125	28.125			
Fri Jul 22 14:58:02 2016	Fri Jul 22 14:58:32 2016	VIS	201607230001			mngr	CHRI		VIS	LPF	CHAP						TANI							LPF								
Fri Jul 22 14:58:02 2016	Fri Jul 22 14:58:32 2016	VIS	201607230001			mngr	CHRI		VIS	LPF	CHAP						LUX							LPF	570.5263157895			568.421052632	572.631578947			
Fri Jul 22 14:58:02 2016	Fri Jul 22 14:58:32 2016	VIS	201607230001			mngr	CHRI		VIS	LPF	CHAP						THEME							LPF	9							
Fri Jul 22 14:58:02 2016	Fri Jul 22 14:58:32 2016	VIS	201607230001			mngr	CHRI		VIS	LPF	CHAP						TRPI							LPF	33.4375			33.4375	33.4375			
Fri Jul 22 14:58:02 2016	Fri Jul 22 14:58:32 2016	VIS	201607230001			mngr	CHRI		VIS	LPF	CHAP						DEJA							LPF	9							
Fri Jul 22 14:58:02 2016	Fri Jul 22 14:58:33 2016	VIS	201607230001			mngr	CHRI		VIS	LPF	CHAP						RH							LPF	54.27715			53.9859	54.5684			
Fri Jul 22 14:58:02 2016	Fri Jul 22 14:58:33 2016	VIS	201607230001			mngr	CHRI		VIS	LPF	CHAP						MINU							LPF	29.0							
Fri Jul 22 14:58:33 2016	Fri Jul 22 14:59:34 2016	VIS	201607230001			mngr	CHRI		VIS	LPF	ENV						MINU							LPF	61.0							
Fri Jul 22 14:58:33 2016	Fri Jul 22 14:59:34 2016	VIS	201607230001			mngr	CHRI		VIS	LPF	ENV						TEMP							LPF								
Fri Jul 22 14:59:34 2016	Fri Jul 22 15:00:14 2016	VIS	201607230001			mngr	CHRI		VIS	LPF	ENV						MINU							LPF	40.0							
Fri Jul 22 14:59:34 2016	Fri Jul 22 15:00:15 2016	VIS	201607230001			mngr	CHRI		VIS	LPF	ENV						TEMP							LPF	28.375			28.375	28.375			
Fri Jul 22 15:10:10 2016	Fri Jul 22 15:10:28 2016	VIS	201607230002			mngr	CHRI		VIS	LPF	CHAP						CO2							LPF	4307.36842105			4307.36842105	4307.36842105			
Fri Jul 22 15:10:10 2016	Fri Jul 22 15:10:28 2016	VIS	201607230002			mngr	CHRI		VIS	LPF	CHAP						TEMP							LPF	28.375			28.375	28.375			
Fri Jul 22 15:10:10 2016	Fri Jul 22 15:10:28 2016	VIS	201607230002			mngr	CHRI		VIS	LPF	CHAP						TANI							LPF								
Fri Jul 22 15:10:10 2016	Fri Jul 22 15:10:28 2016	VIS	201607230002			mngr	CHRI		VIS	LPF	CHAP						LUX							LPF	570.526315789			570.526315789	570.526315789			
Fri Jul 22 15:10:10 2016	Fri Jul 22 15:10:28 2016	VIS	201607230002			mngr	CHRI		VIS	LPF	CHAP						THEME							LPF	4							
Fri Jul 22 15:10:10 2016	Fri Jul 22 15:10:29 2016	VIS	201607230002			mngr	CHRI		VIS	LPF	CHAP						TRPI							LPF	33.4375			33.4375	33.4375			
Fri Jul 22 15:10:10 2016	Fri Jul 22 15:10:29 2016	VIS	201607230002			mngr	CHRI		VIS	LPF	CHAP						DEJA							LPF	4							
Fri Jul 22 15:10:10 2016	Fri Jul 22 15:10:29 2016	VIS	201607230002			mngr	CHRI		VIS	LPF	CHAP						RH							LPF	53.9932			53.9932	53.9932			
Fri Jul 22 15:10:10 2016	Fri Jul 22 15:10:29 2016	VIS	201607230002			mngr	CHRI		VIS	LPF	CHAP						MINU							LPF	18.0							
Fri Jul 22 15:10:29 2016	Fri Jul 22 15:10:40 2016	VIS	201607230002			mngr	CHRI		VIS	LPF	CHAP						CO2							LPF	4307.36842105			4307.36842105	4307.36842105			
Fri Jul 22 15:10:29 2016	Fri Jul 22 15:10:40 2016	VIS	201607230002			mngr	CHRI		VIS	LPF	CHAP						TEMP							LPF	28.375			28.375	28.375			
Fri Jul 22 15:10:29 2016	Fri Jul 22 15:10:40 2016	VIS	201607230002			mngr	CHRI		VIS	LPF	CHAP						TANI							LPF								
Fri Jul 22 15:10:29 2016	Fri Jul 22 15:10:40 2016	VIS	201607230002			mngr	CHRI		VIS	LPF	CHAP						LUX							LPF	574.736842105			574.736842105	574.736842105			
Fri Jul 22 15:10:29 2016	Fri Jul 22 15:10:41 2016	VIS	201607230002			mngr	CHRI		VIS	LPF	CHAP						THEME							LPF	9							
Fri Jul 22 15:10:29 2016	Fri Jul 22 15:10:41 2016	VIS	201607230002			mngr	CHRI		VIS	LPF	CHAP						TRPI							LPF	33.5			33.5	33.5			
Fri Jul 22 15:10:29 2016	Fri Jul 22 15:10:41 2016	VIS	201607230002			mngr	CHRI		VIS	LPF	CHAP						DEJA							LPF	9							
Fri Jul 22 15:10:29 2016	Fri Jul 22 15:10:41 2016	VIS	201607230002			mngr	CHRI		VIS	LPF	CHAP						RH							LPF	53.5388			53.5388	53.5388			
Fri Jul 22 15:10:29 2016	Fri Jul 22 15:10:41 2016	VIS	201607230002			mngr	CHRI		VIS	LPF	CHAP						MINU							LPF	11.0							
Fri Jul 22 16:06:08 2016	Fri Jul 22 16:06:20 2016	VIS	201607230001			mngr	CHRI		VIS	LPF	CHAP						CO2							LPF								
Fri Jul 22 16:06:08 2016	Fri Jul 22 16:06:20 2016	VIS	201607230001			mngr	CHRI		VIS	LPF	CHAP						TEMP							LPF								
Fri Jul 22 16:06:08 2016	Fri Jul 22 16:06:20 2016	VIS	201607230001			mngr	CHRI		VIS	LPF	CHAP						TANI							LPF								
Fri Jul 22 16:06:08 2016	Fri Jul 22 16:06:20 2016	VIS	201607230001			mngr	CHRI		VIS	LPF	CHAP						LUX							LPF								
Fri Jul 22 16:06:08 2016	Fri Jul 22 16:06:37 2016	VIS	201607230001			mngr	CHRI		VIS	LPF	CHAP						CO2							LPF	4307.36842105			4307.36842105				
Fri Jul 22 16:06:08 2016	Fri Jul 22 16:06:37 2016	VIS	201607230001			mngr	CHRI		VIS	LPF	CHAP						TEMP							LPF	29.0625			29.0625				
Fri Jul 22 16:06:08 2016	Fri Jul 22 16:06:38 2016	VIS	201607230001			mngr	CHRI		VIS	LPF	CHAP						TANI							LPF								
Fri Jul 22 16:06:08 2016	Fri Jul 22 16:06:38 2016	VIS	201607230001			mngr	CHRI		VIS	LPF	CHAP						LUX							LPF	532.631578947			532.631578947				
Fri Jul 22 16:06:08 2016	Fri Jul 22 16:06:38 2016	VIS	201607230001			mngr	CHRI		VIS	LPF	CHAP						THEME							LPF	9							
Fri Jul 22 16:06:08 2016	Fri Jul 22 16:06:40 2016	VIS	201607230001			mngr	CHRI		VIS	LPF	CHAP						TRPI							LPF	34.0625			34.0625	34.0625			
Fri Jul 22 16:06:08 2016	Fri Jul 22 16:06:41 2016	VIS	201607230001			mngr	CHRI		VIS	LPF	CHAP						DEJA							LPF	9							
Fri Jul 22 16:06:08 2016	Fri Jul 22 16:06:41 2016	VIS	201607230001			mngr	CHRI		VIS	LPF	CHAP						RH							LPF	52.64075			52.5872	52.6943			
Fri Jul 22 16:06:08 2016	Fri Jul 22 16:06:41 2016	VIS	201607230001			mngr	CHRI		VIS	LPF	CHAP						MINU							LPF	29.0							
Fri Jul 22 16:06:41 2016	Fri Jul 22 16:06:53 2016	VIS	201607230001			mngr	CHRI		VIS	LPF	CHAP						CO2							LPF								
Fri Jul 22 16:06:41 2016	Fri Jul 22 16:06:53 2016	VIS	201607230001			mngr	CHRI		VIS	LPF	CHAP						TEMP							LPF								
Fri Jul 22 16:06:41 2016	Fri Jul 22 16:06:53 2016	VIS	201607230001			mngr	CHRI		VIS	LPF	CHAP						TANI							LPF	29.1875			29.1875	29.1875			
Fri Jul 22 16:06:41 2016	Fri Jul 22 16:06:53 2016	VIS	201607230001			mngr	CHRI		VIS	LPF	CHAP						LUX							LPF								
Fri Jul 22 16:06:41 2016	Fri Jul 22 16:07:24 2016	VIS	201607230001			mngr	CHRI		VIS	LPF	CHAP						CO2							LPF	4307.36842105			4307.36842105				
Fri Jul 22 16:06:41 2016	Fri Jul 22 16:07:25 2016	VIS	201607230001			mngr	CHRI		VIS	LPF	CHAP						TEMP							LPF	29.0625			29.0625				
Fri Jul 22 16:06:41 2016	Fri Jul 22 16:07:25 2016	VIS	201607230001			mngr	CHRI		VIS	LPF	CHAP						TANI							LPF	29.1875			29.1875	29.1875			
Fri Jul 22 16:06:41 2016	Fri Jul 22 16:07:25 2016	VIS	201607230001			mngr	CHRI		VIS	LPF	CHAP						LUX							LPF	531.578947368			530.526315789				
Fri Jul 22 16:06:41 2016	Fri Jul 22 16:07:36 2016	VIS	201607230001			mngr	CHRI		VIS	LPF	CHAP						CO2							LPF	4307.36842105			4307.36842105				
Fri Jul 22 16:06:41 2016	Fri Jul 22 16:07:36 2016	VIS	201607230001			mngr	CHRI		VIS	LPF	CHAP						TEMP							LPF	29.041666666666668			29.0				
Fri Jul 22 16:06:41 2016	Fri Jul 22 16:07:36 2016	VIS	201607230001			mngr	CHRI		VIS	LPF	CHAP						TANI							LPF	29.1875			29.1875	29.1875			
Fri Jul 22 16:06:41 2016	Fri Jul 22 16:07:36 2016	VIS	201607230001			mngr	CHRI		VIS	LPF	CHAP						LUX							LPF	534.7368421049999			530.526315789				
Fri Jul 22 16:06:41 2016	Fri Jul 22 16:07:37 2016	VIS	201607230001			mngr	CHRI		VIS	LPF	CHAP						THEME							LPF	4							
Fri Jul 22 16:06:41 2016	Fri Jul 22 16:07:37 2016	VIS	201607230001			mngr	CHRI		VIS	LPF	CHAP						TRPI							LPF	34.0625			34.0625	34.0625			
Fri Jul 22 16:06:41 2016	Fri Jul 22 16:07:37 2016	VIS	201607230001			mngr	CHRI		VIS	LPF	CHAP						DEJA							LPF	4							
Fri Jul 22 16:06:41 2016	Fri Jul 22 16:07:37 2016	VIS	201607230001			mngr	CHRI		VIS	LPF	CHAP						RH							LPF	52.96790000000001			52.8163	53.0437			
Fri Jul 22 16:06:41 2016	Fri Jul 22 16:07:37 2016	VIS	201607230001			mngr	CHRI		VIS	LPF	CHAP						MINU							LPF	55.0							
Fri Jul 22 16:07:37 2016	Fri Jul 22 16:07:47 2016	VIS	201607230001			mngr	CHRI		VIS	LPF	CHAP						CO2							LPF								
Fri Jul 22 16:07:37 2016	Fri Jul 22 16:07:47 2016	VIS	201607230001			mngr	CHRI		VIS	LPF	CHAP						TEMP							LPF								
Fri Jul 22 16:07:37 2016	Fri Jul 22 16:07:47 2016	VIS	201607230001			mngr	CHRI		VIS	LPF	CHAP						TANI							LPF								
Fri Jul 22 16:07:37 2016	Fri Jul 22 16:07:48 2016	VIS	201607230001			mngr	CHRI		VIS	LPF	CHAP						LUX							LPF								
Fri Jul 22 16:07:37 2016	Fri Jul 22 16:07:48 2016	VIS	201607230001			mngr	CHRI		VIS	LPF	CHAP						THEME							LPF	2							
Fri Jul 22 16:07:37 2016	Fri Jul 22 16:07:48 2016	VIS	201607230001			mngr	CHRI		VIS	LPF	CHAP						TRPI							LPF								
Fri Jul 22 16:07:37 2016	Fri Jul 22 16:07:48 2016	VIS	201607230001			mngr	CHRI		VIS	LPF	CHAP						DEJA							LPF	2							
Fri Jul 22 16:07:37 2016	Fri Jul 22 16:07:48 2016	VIS	201607230001			mngr	CHRI		VIS	LPF	CHAP						RH							LPF								
Fri Jul 22 16:07:37 2016	Fri Jul 22 16:07:48 2016	VIS	201607230001			mngr	CHRI		VIS	LPF	CHAP						MINU							LPF	10.0							
Fri Jul 22 16:07:48 2016	Fri Jul 22 16:07:53 2016	VIS	201607230001			mngr	CHRI		VIS	LPF	CHAP						CO2							LPF	4307.36842105			4307.36842105	4307.36842105			
Fri Jul 22 16:07:48 2016	Fri Jul 22 16:07:53 2016	VIS	201607230001			mngr	CHRI		VIS	LPF	CHAP						TEMP							LPF	29.0			29.0	29.0			
Fri Jul 22 16:07:48 2016	Fri Jul 22 16:07:54 2016	VIS	201607230001			mngr	CHRI		VIS	LPF	CHAP						TANI							LPF								
Fri Jul 22 16:07:48 2016	Fri Jul 22 16:07:54 2016	VIS	201607230001			mngr	CHRI		VIS	LPF	CHAP						LUX							LPF	532.631578947			532.631578947	532.631578947			
Fri Jul 22 16:07:48 2016	Fri Jul 22 16:07:54 2016	VIS	201607230001			mngr	CHRI		VIS	LPF	CHAP						THEME							LPF	3							
Fri Jul 22 16:07:48 2016	Fri Jul 22 16:07:54 2016	VIS	201607230001			mngr	CHRI		VIS	LPF	CHAP						TRPI							LPF	34.0625			34.0625	34.0625			
Fri Jul 22 16:07:48 2016	Fri Jul 22 16:07:54 2016	VIS	201607230001			mngr	CHRI		VIS	LPF	CHAP						DEJA							LPF	3							
Fri Jul 22 16:07:48 2016	Fri Jul 22 16:07:54 2016	VIS	201607230001			mngr	CHRI		VIS	LPF	CHAP						RH							LPF	52.5908			52.5908	52.5908			
Fri Jul 22 16:07:48 2016	Fri Jul 22 16:07:54 2016	VIS	201607230001			mngr	CHRI		VIS	LPF	CHAP						MINU							LPF	5.0							
Fri Jul 22 16:07:54 2016	Fri Jul 22 16:08:22 2016	VIS	201607230001			mngr	CHRI		VIS	LPF	CHAP						CO2							LPF	4307.36842105			4307.36842105	4307.36842105			
Fri Jul 22 16:07:54 2016	Fri Jul 22 16:08:22 2016	VIS	201607230001			mngr	CHRI		VIS	LPF	CHAP						TEMP							LPF	29.0			29.0	29.0			
Fri Jul 22 16:07:54 2016	Fri Jul 22 16:08:22 2016	VIS	201607230001			mngr	CHRI		VIS	LPF	CHAP						TANI							LPF								
Fri Jul 22 16:07:54 2016	Fri Jul 22 16:08:22 2016	VIS	201607230001			mngr	CHRI		VIS	LPF	CHAP						LUX							LPF	534.736842105			534.736842105	534.736842105			
Fri Jul 22 16:07:54 2016	Fri Jul 22 16:08:22 2016	VIS	201607230001			mngr	CHRI		VIS	LPF	CHAP						THEME							LPF	9							
Fri Jul 22 16:07:54 2016	Fri Jul 22 16:08:22 2016	VIS	201607230001			mngr	CHRI		VIS	LPF	CHAP						TRPI							LPF	34.0625			34.0625	34.0625			
Fri Jul 22 16:07:54 2016	Fri Jul 22 16:08:22 2016	VIS	201607230001			mngr	CHRI		VIS	LPF	CHAP						DEJA							LPF	9							
Fri Jul 22 16:07:54 2016	Fri Jul 22 16:08:23 2016	VIS	201607230001			mngr	CHRI		VIS	LPF	CHAP						RH							LPF	52.5979			52.5979	52.5979			
Fri Jul 22 16:07:54 2016	Fri Jul 22 16:08:23 2016	VIS	201607230001			mngr	CHRI		VIS	LPF	CHAP						MINU							LPF	27.0							
Fri Jul 22 16:31:04 2016	Fri Jul 22 16:32:18 2016	VIS	201607230001			mngr	CHRI		VIS	LPF	CHAP						CO2							LPF	4307.36842105			4307.36842105	4307.36842105			
Fri Jul 22 16:31:04 2016	Fri Jul 22 16:32:18 2016	VIS	201607230001			mngr	CHRI		VIS	LPF	CHAP						TEMP							LPF	29.125			29.125	29.125			
Fri Jul 22 16:31:04 2016	Fri Jul 22 16:32:19 2016	VIS	201607230001			mngr	CHRI		VIS	LPF	CHAP						TANI							LPF								
Fri Jul 22 16:31:04 2016	Fri Jul 22 16:32:19 2016	VIS	201607230001			mngr	CHRI		VIS	LPF	CHAP						LUX							LPF	564.6315789476			562.105263158	568.421052632			
Fri Jul 22 16:31:04 2016	Fri Jul 22 16:32:58 2016	VIS	201607230001			mngr	CHRI		VIS	LPF	CHAP						CO2							LPF	4307.36842105			4307.36842105	4307.36842105			
Fri Jul 22 16:31:04 2016	Fri Jul 22 16:32:58 2016	VIS	201607230001			mngr	CHRI		VIS	LPF	CHAP						TEMP							LPF	29.125			29.125	29.125			
Fri Jul 22 16:31:04 2016	Fri Jul 22 16:32:58 2016	VIS	201607230001			mngr	CHRI		VIS	LPF	CHAP						TANI							LPF								
Fri Jul 22 16:31:04 2016	Fri Jul 22 16:32:58 2016	VIS	201607230001			mngr	CHRI		VIS	LPF	CHAP						LUX							LPF	564.8120300754285			562.105263158	568.421052632			
Fri Jul 22 16:31:04 2016	Fri Jul 22 16:33:25 2016	VIS	201607230001			mngr	CHRI		VIS	LPF	CHAP						CO2							LPF	4307.36842105			4307.36842105	4307.36842105			
Fri Jul 22 16:31:04 2016	Fri Jul 22 16:33:25 2016	VIS	201607230001			mngr	CHRI		VIS	LPF	CHAP						TEMP							LPF	29.125			29.125	29.125			
Fri Jul 22 16:31:04 2016	Fri Jul 22 16:33:25 2016	VIS	201607230001			mngr	CHRI		VIS	LPF	CHAP						TANI							LPF	29.3125			29.3125				
Fri Jul 22 16:31:04 2016	Fri Jul 22 16:33:25 2016	VIS	201607230001			mngr	CHRI		VIS	LPF	CHAP						LUX							LPF	564.7368421054999			562.105263158	568.421052632			
Fri Jul 22 16:37:47 2016	Fri Jul 22 16:38:20 2016	VIS	201607230001			mngr	CHRI		VIS	LPF	CHAP						CO2							LPF	4307.36842105			4307.36842105	4307.36842105			
Fri Jul 22 16:37:47 2016	Fri Jul 22 16:38:20 2016	VIS	201607230001			mngr	CHRI		VIS	LPF	CHAP						TEMP							LPF	29.125			29.125	29.125			
Fri Jul 22 16:37:47 2016	Fri Jul 22 16:38:20 2016	VIS	201607230001			mngr	CHRI		VIS	LPF	CHAP						TANI							LPF	29.375			29.375	29.375			
Fri Jul 22 16:37:47 2016	Fri Jul 22 16:38:21 2016	VIS	201607230001			mngr	CHRI		VIS	LPF	CHAP						LUX							LPF	568.4210526315001			564.210526316	572.631578947			
Fri Jul 22 16:39:20 2016	Fri Jul 22 16:39:32 2016	VIS	201607230001			mngr	CHRI		VIS	LPF	CHAP						CO2							LPF	4307.36842105			4307.36842105	4307.36842105			
Fri Jul 22 16:39:20 2016	Fri Jul 22 16:39:32 2016	VIS	201607230001			mngr	CHRI		VIS	LPF	CHAP						TEMP							LPF	29.125			29.125	29.125			
Fri Jul 22 16:39:20 2016	Fri Jul 22 16:39:32 2016	VIS	201607230001			mngr	CHRI		VIS	LPF	CHAP						TANI							LPF								
Fri Jul 22 16:39:20 2016	Fri Jul 22 16:39:32 2016	VIS	201607230001			mngr	CHRI		VIS	LPF	CHAP						LUX							LPF	574.736842105			574.736842105	574.736842105			
Fri Jul 22 16:39:20 2016	Fri Jul 22 16:39:32 2016	VIS	201607230001			mngr	CHRI		VIS	LPF	CHAP						THEME							LPF	9.0							
Fri Jul 22 16:39:20 2016	Fri Jul 22 16:39:32 2016	VIS	201607230001			mngr	CHRI		VIS	LPF	CHAP						TRPI							LPF	34.125			34.125	34.125			
Fri Jul 22 16:39:20 2016	Fri Jul 22 16:39:32 2016	VIS	201607230001			mngr	CHRI		VIS	LPF	CHAP						DEJA							LPF	9.0							
Fri Jul 22 16:39:20 2016	Fri Jul 22 16:39:32 2016	VIS	201607230001			mngr	CHRI		VIS	LPF	CHAP						RH							LPF	51.8166			51.8166	51.8166			
Fri Jul 22 16:39:20 2016	Fri Jul 22 16:39:33 2016	VIS	201607230001			mngr	CHRI		VIS	LPF	CHAP						MINU							LPF	12.0							
Fri Jul 22 16:39:33 2016	Fri Jul 22 16:39:39 2016	VIS	201607230001			mngr	CHRI		VIS	LPF	CHAP						CO2							LPF								
Fri Jul 22 16:39:33 2016	Fri Jul 22 16:39:40 2016	VIS	201607230001			mngr	CHRI		VIS	LPF	CHAP						TEMP							LPF								
Fri Jul 22 16:39:33 2016	Fri Jul 22 16:39:40 2016	VIS	201607230001			mngr	CHRI		VIS	LPF	CHAP						TANI							LPF								
Fri Jul 22 16:39:33 2016	Fri Jul 22 16:39:40 2016	VIS	201607230001			mngr	CHRI		VIS	LPF	CHAP						LUX							LPF								
Fri Jul 22 16:45:05 2016	Fri Jul 22 16:45:25 2016	VIS	201607230001			mngr	CHRI		VIS	LPF	CHAP						CO2							LPF	4307.36842105			4307.36842105	4307.36842105			
Fri Jul 22 16:45:05 2016	Fri Jul 22 16:45:25 2016	VIS	201607230001			mngr	CHRI		VIS	LPF	CHAP						TEMP							LPF	29.1875			29.1875	29.1875			
Fri Jul 22 16:45:05 2016	Fri Jul 22 16:45:26 2016	VIS	201607230001			mngr	CHRI		VIS	LPF	CHAP						LUX							LPF	567.3684210525			562.105263158	572.631578947			
Fri Jul 22 16:45:05 2016	Fri Jul 22 16:45:27 2016	VIS	201607230001			mngr	CHRI		VIS	LPF	CHAP						THEME							LPF	9.0							
Fri Jul 22 16:45:05 2016	Fri Jul 22 16:45:28 2016	VIS	201607230001			mngr	CHRI		VIS	LPF	CHAP						TRPI							LPF	34.125			34.125	34.125			
Fri Jul 22 16:45:05 2016	Fri Jul 22 16:45:28 2016	VIS	201607230001			mngr	CHRI		VIS	LPF	CHAP						DEJA							LPF	9.0							
Fri Jul 22 16:45:05 2016	Fri Jul 22 16:45:28 2016	VIS	201607230001			mngr	CHRI		VIS	LPF	CHAP						RH							LPF	51.98695			51.9255	52.0484			
Fri Jul 22 16:45:05 2016	Fri Jul 22 16:45:28 2016	VIS	201607230001			mngr	CHRI		VIS	LPF	CHAP						MINU							LPF	20.0							
Fri Jul 22 16:45:28 2016	Fri Jul 22 16:46:29 2016	VIS	201607230001			mngr	CHRI		VIS	LPF	ENV						MINU							LPF	60.0							
Fri Jul 22 16:45:28 2016	Fri Jul 22 16:46:29 2016	VIS	201607230001			mngr	CHRI		VIS	LPF	ENV						TEMP							LPF	29.1875			29.1875	29.1875			
Fri Jul 22 16:46:29 2016	Fri Jul 22 16:47:14 2016	VIS	201607230001			mngr	CHRI		VIS	LPF	ENV						MINU							LPF	45.0							
Fri Jul 22 16:52:15 2016	Fri Jul 22 16:52:32 2016	VIS	201607230001			mngr	CHRI		VIS	LPF	CHAP						CO2							LPF	4307.36842105			4307.36842105	4307.36842105			
Fri Jul 22 16:52:15 2016	Fri Jul 22 16:52:32 2016	VIS	201607230001			mngr	CHRI		VIS	LPF	CHAP						TEMP							LPF	29.1875			29.1875	29.1875			
Fri Jul 22 16:52:15 2016	Fri Jul 22 16:52:32 2016	VIS	201607230001			mngr	CHRI		VIS	LPF	CHAP						LUX							LPF	576.842105263			576.842105263	576.842105263			
Fri Jul 22 16:52:15 2016	Fri Jul 22 16:52:32 2016	VIS	201607230001			mngr	CHRI		VIS	LPF	CHAP						THEME							LPF	9.0							
Fri Jul 22 16:52:15 2016	Fri Jul 22 16:52:33 2016	VIS	201607230001			mngr	CHRI		VIS	LPF	CHAP						TRPI							LPF	34.1875			34.1875	34.1875			
Fri Jul 22 16:52:15 2016	Fri Jul 22 16:52:33 2016	VIS	201607230001			mngr	CHRI		VIS	LPF	CHAP						DEJA							LPF	9.0							
Fri Jul 22 16:52:15 2016	Fri Jul 22 16:52:33 2016	VIS	201607230001			mngr	CHRI		VIS	LPF	CHAP						RH							LPF	52.6093			52.6093	52.6093			
Fri Jul 22 16:52:15 2016	Fri Jul 22 16:52:33 2016	VIS	201607230001			mngr	CHRI		VIS	LPF	CHAP						MINU							LPF	17.0							
Fri Jul 22 16:52:33 2016	Fri Jul 22 16:52:47 2016	VIS	201607230001			mngr	CHRI		VIS	LPF	ENV						MINU							LPF	14.0							
Fri Jul 22 16:52:47 2016	Fri Jul 22 16:53:28 2016	VIS	201607230001			mngr	CHRI		VIS	LPF	ENV						MINU							LPF	41.0							
Fri Jul 22 17:37:20 2016	Fri Jul 22 17:38:01 2016	VIS	201607230001			mngr	CHRI		VIS	LPF	CHAP						CO2							LPF	4307.36842105			4307.36842105	4307.36842105			
Fri Jul 22 17:37:20 2016	Fri Jul 22 17:39:38 2016	VIS	201607230001			mngr	CHRI		VIS	LPF	CHAP						CO2							LPF	4307.36842105			4307.36842105	4307.36842105			
Fri Jul 22 17:37:20 2016	Fri Jul 22 17:39:42 2016	VIS	201607230001			mngr	CHRI		VIS	LPF	CHAP						TEMP							LPF	29.28125			29.25	29.3125			
Fri Jul 22 17:37:20 2016	Fri Jul 22 17:39:47 2016	VIS	201607230001			mngr	CHRI		VIS	LPF	CHAP						TANI							LPF	29.5			29.5	29.5			
Fri Jul 22 17:37:20 2016	Fri Jul 22 17:39:49 2016	VIS	201607230001			mngr	CHRI		VIS	LPF	CHAP						LUX							LPF	533.5338345861429			530.526315789	536.842105263			
Fri Jul 22 17:37:20 2016	Fri Jul 22 17:39:50 2016	VIS	201607230001			mngr	CHRI		VIS	LPF	CHAP						THEME							LPF	9.0							
Fri Jul 22 17:37:20 2016	Fri Jul 22 17:39:53 2016	VIS	201607230001			mngr	CHRI		VIS	LPF	CHAP						TRPI							LPF	34.294642857142854			34.25	34.3125			
Fri Jul 22 17:37:20 2016	Fri Jul 22 17:39:56 2016	VIS	201607230001			mngr	CHRI		VIS	LPF	CHAP						DEJA							LPF	9.0							
Fri Jul 22 17:37:20 2016	Fri Jul 22 17:39:58 2016	VIS	201607230001			mngr	CHRI		VIS	LPF	CHAP						RH							LPF	51.76947142857143			51.6049	51.9251			
Fri Jul 22 17:37:20 2016	Fri Jul 22 17:40:01 2016	VIS	201607230001			mngr	CHRI		VIS	LPF	CHAP						MINU							LPF	138.0							
Fri Jul 22 17:40:02 2016	Fri Jul 22 17:40:37 2016	VIS	201607230001			mngr	CHRI		VIS	LPF	CHAP						CO2							LPF	4307.36842105			4307.36842105	4307.36842105			
Fri Jul 22 17:40:02 2016	Fri Jul 22 17:41:13 2016	VIS	201607230001			mngr	CHRI		VIS	LPF	CHAP						CO2							LPF	4307.36842105			4307.36842105	4307.36842105			
Fri Jul 22 17:40:02 2016	Fri Jul 22 17:41:17 2016	VIS	201607230001			mngr	CHRI		VIS	LPF	CHAP						TEMP							LPF	29.3125			29.3125	29.3125			
Fri Jul 22 17:40:02 2016	Fri Jul 22 17:41:18 2016	VIS	201607230001			mngr	CHRI		VIS	LPF	CHAP						TANI							LPF	29.5			29.5	29.5			
Fri Jul 22 17:40:02 2016	Fri Jul 22 17:41:19 2016	VIS	201607230001			mngr	CHRI		VIS	LPF	CHAP						LUX							LPF	535.2631578947501			528.421052632	541.052631579			
Fri Jul 22 17:40:02 2016	Fri Jul 22 17:41:24 2016	VIS	201607230001			mngr	CHRI		VIS	LPF	CHAP						TRPI							LPF	34.3125			34.3125	34.3125			
Fri Jul 22 17:40:02 2016	Fri Jul 22 17:41:27 2016	VIS	201607230001			mngr	CHRI		VIS	LPF	CHAP						RH							LPF	51.81524			51.5848	52.1492			
Fri Jul 22 17:40:02 2016	Fri Jul 22 17:41:34 2016	VIS	201607230001			mngr	CHRI		VIS	LPF	CHAP						MINU							LPF	71.0							
Fri Jul 22 17:41:36 2016	Fri Jul 22 17:42:05 2016	VIS	201607230001			mngr	CHRI		VIS	LPF	CHAP						CO2							LPF	4307.36842105			4307.36842105	4307.36842105			
Fri Jul 22 17:41:36 2016	Fri Jul 22 17:42:10 2016	VIS	201607230001			mngr	CHRI		VIS	LPF	CHAP						TEMP							LPF	29.3125			29.3125	29.3125			
Fri Jul 22 17:47:11 2016	Fri Jul 22 17:47:30 2016	VIS	201607230001			mngr	CHRI		VIS	LPF	CHAP						CO2							LPF	4307.36842105			4307.36842105	4307.36842105			
Fri Jul 22 17:47:11 2016	Fri Jul 22 17:47:30 2016	VIS	201607230001			mngr	CHRI		VIS	LPF	CHAP						TEMP							LPF	29.375			29.375	29.375			
Fri Jul 22 17:47:11 2016	Fri Jul 22 17:47:31 2016	VIS	201607230001			mngr	CHRI		VIS	LPF	CHAP						LUX							LPF	536.842105263			536.842105263	536.842105263			
Fri Jul 22 17:47:11 2016	Fri Jul 22 17:47:31 2016	VIS	201607230001			mngr	CHRI		VIS	LPF	CHAP						TRPI							LPF	34.25			34.25	34.25			
Fri Jul 22 17:47:11 2016	Fri Jul 22 17:47:31 2016	VIS	201607230001			mngr	CHRI		VIS	LPF	CHAP						RH							LPF	51.9396			51.9396	51.9396			
Fri Jul 22 17:47:11 2016	Fri Jul 22 17:47:31 2016	VIS	201607230001			mngr	CHRI		VIS	LPF	CHAP						MINU							LPF	19.0							
Fri Jul 22 17:47:31 2016	Fri Jul 22 17:47:42 2016	VIS	201607230001			mngr	CHRI		VIS	LPF	ENV						MINU							LPF	11.0							
Fri Jul 22 17:47:42 2016	Fri Jul 22 17:48:12 2016	VIS	201607230001			mngr	CHRI		VIS	LPF	ENV						MINU							LPF	30.0							
Fri Jul 22 17:47:42 2016	Fri Jul 22 17:48:12 2016	VIS	201607230001			mngr	CHRI		VIS	LPF	ENV						TEMP							LPF	29.375			29.375	29.375			
Fri Jul 22 17:48:13 2016	Fri Jul 22 17:48:32 2016	VIS	201607230001			mngr	CHRI		VIS	LPF	ENV						MINU							LPF	20.0							
Fri Jul 22 17:48:32 2016	Fri Jul 22 17:48:53 2016	VIS	201607230001			mngr	CHRI		VIS	LPF	ENV						MINU							LPF	21.0							
Fri Jul 22 17:55:03 2016	Fri Jul 22 17:55:18 2016	VIS	201607230001			mngr	CHRI		VIS	LPF	CHAP						CO2							LPF	4307.36842105			4307.36842105	4307.36842105			
Fri Jul 22 17:55:03 2016	Fri Jul 22 17:55:18 2016	VIS	201607230001			mngr	CHRI		VIS	LPF	CHAP						TEMP							LPF	29.375			29.375	29.375			
Fri Jul 22 17:55:03 2016	Fri Jul 22 17:55:18 2016	VIS	201607230001			mngr	CHRI		VIS	LPF	CHAP						LUX							LPF	530.526315789			530.526315789	530.526315789			
Fri Jul 22 17:55:03 2016	Fri Jul 22 17:55:18 2016	VIS	201607230001			mngr	CHRI		VIS	LPF	CHAP						TRPI							LPF	34.25			34.25	34.25			
Fri Jul 22 17:55:03 2016	Fri Jul 22 17:55:19 2016	VIS	201607230001			mngr	CHRI		VIS	LPF	CHAP						RH							LPF	51.7328			51.7328	51.7328			
Fri Jul 22 17:55:03 2016	Fri Jul 22 17:55:19 2016	VIS	201607230001			mngr	CHRI		VIS	LPF	CHAP						MINU							LPF	15.0							
Fri Jul 22 17:55:19 2016	Fri Jul 22 17:55:36 2016	VIS	201607230001			mngr	CHRI		VIS	LPF	ENV						MINU							LPF	17.0							
Fri Jul 22 18:02:20 2016	Fri Jul 22 18:02:45 2016	VIS	201607230001			mngr	CHRI		VIS	LPF	CHAP						CO2							LPF	4307.36842105			4307.36842105	4307.36842105			
Fri Jul 22 18:02:20 2016	Fri Jul 22 18:02:45 2016	VIS	201607230001			mngr	CHRI		VIS	LPF	CHAP						TEMP							LPF	29.4375			29.4375	29.4375			
Fri Jul 22 18:02:20 2016	Fri Jul 22 18:02:45 2016	VIS	201607230001			mngr	CHRI		VIS	LPF	CHAP						LUX							LPF	531.578947368			530.526315789	532.631578947			
Fri Jul 22 18:02:20 2016	Fri Jul 22 18:02:45 2016	VIS	201607230001			mngr	CHRI		VIS	LPF	CHAP						TRPI							LPF	34.3125			34.3125	34.3125			
Fri Jul 22 18:02:20 2016	Fri Jul 22 18:02:45 2016	VIS	201607230001			mngr	CHRI		VIS	LPF	CHAP						RH							LPF	52.17475			52.1694	52.1801			
Fri Jul 22 18:02:20 2016	Fri Jul 22 18:02:45 2016	VIS	201607230001			mngr	CHRI		VIS	LPF	CHAP						MINU							LPF	24.0							
Fri Jul 22 18:02:46 2016	Fri Jul 22 18:02:58 2016	VIS	201607230001			mngr	CHRI		VIS	LPF	ENV						MINU							LPF	12.0							
Fri Jul 22 18:05:30 2016	Fri Jul 22 18:06:03 2016	VIS	201607230001			mngr	CHRI		VIS	LPF	CHAP						CO2							LPF	4307.36842105			4307.36842105	4307.36842105			
Fri Jul 22 18:05:30 2016	Fri Jul 22 18:06:03 2016	VIS	201607230001			mngr	CHRI		VIS	LPF	CHAP						TEMP							LPF	29.4375			29.4375	29.4375			
Fri Jul 22 18:05:30 2016	Fri Jul 22 18:06:03 2016	VIS	201607230001			mngr	CHRI		VIS	LPF	CHAP						LUX							LPF	536.842105263			532.631578947	541.052631579			
Fri Jul 22 18:05:30 2016	Fri Jul 22 18:06:03 2016	VIS	201607230001			mngr	CHRI		VIS	LPF	CHAP						THEME							LPF	9.0							
Fri Jul 22 18:05:30 2016	Fri Jul 22 18:06:04 2016	VIS	201607230001			mngr	CHRI		VIS	LPF	CHAP						TRPI							LPF	34.3125			34.3125	34.3125			
Fri Jul 22 18:05:30 2016	Fri Jul 22 18:06:04 2016	VIS	201607230001			mngr	CHRI		VIS	LPF	CHAP						DEJA							LPF	9.0							
Fri Jul 22 18:05:30 2016	Fri Jul 22 18:06:04 2016	VIS	201607230001			mngr	CHRI		VIS	LPF	CHAP						RH							LPF	52.01875			51.9608	52.0767			
Fri Jul 22 18:05:30 2016	Fri Jul 22 18:06:04 2016	VIS	201607230001			mngr	CHRI		VIS	LPF	CHAP						MINU							LPF	32.0							
Fri Jul 22 18:06:04 2016	Fri Jul 22 18:07:45 2016	VIS	201607230001			mngr	CHRI		VIS	LPF	ENV						MINU							LPF	101.0							
Fri Jul 22 18:06:04 2016	Fri Jul 22 18:07:45 2016	VIS	201607230001			mngr	CHRI		VIS	LPF	ENV						TEMP							LPF	29.5625			29.5625	29.5625			
Fri Jul 22 18:07:45 2016	Fri Jul 22 18:08:51 2016	VIS	201607230001			mngr	CHRI		VIS	LPF	CHAP			ING	RETOUR		CO2							LPF	4307.36842105			4307.36842105	4307.36842105			
Fri Jul 22 18:07:45 2016	Fri Jul 22 18:08:52 2016	VIS	201607230001			mngr	CHRI		VIS	LPF	CHAP			ING	RETOUR		TEMP							LPF	29.40625			29.375	29.4375			
Fri Jul 22 18:07:45 2016	Fri Jul 22 18:08:52 2016	VIS	201607230001			mngr	CHRI		VIS	LPF	CHAP			ING	RETOUR		LUX							LPF	536.3157894735			530.526315789	543.157894737			
Fri Jul 22 18:07:45 2016	Fri Jul 22 18:08:52 2016	VIS	201607230001			mngr	CHRI		VIS	LPF	CHAP			ING	RETOUR		HEUR							LPF	66.0							
Fri Jul 22 18:07:45 2016	Fri Jul 22 18:08:52 2016	VIS	201607230001			mngr	CHRI		VIS	LPF	CHAP			ING	RETOUR		THEME							LPF	9.0							
Fri Jul 22 18:07:45 2016	Fri Jul 22 18:08:52 2016	VIS	201607230001			mngr	CHRI		VIS	LPF	CHAP			ING	RETOUR		TRPI							LPF	34.3125			34.3125	34.3125			
Fri Jul 22 18:07:45 2016	Fri Jul 22 18:08:52 2016	VIS	201607230001			mngr	CHRI		VIS	LPF	CHAP			ING	RETOUR		REVENIR							LPF	9.0							
Fri Jul 22 18:07:45 2016	Fri Jul 22 18:08:52 2016	VIS	201607230001			mngr	CHRI		VIS	LPF	CHAP			ING	RETOUR		INTER							LPF	9.0							
Fri Jul 22 18:07:45 2016	Fri Jul 22 18:08:52 2016	VIS	201607230001			mngr	CHRI		VIS	LPF	CHAP			ING	RETOUR		RH							LPF	51.866299999999995			51.7171	52.0738			
Fri Jul 22 18:07:45 2016	Fri Jul 22 18:08:53 2016	VIS	201607230001			mngr	CHRI		VIS	LPF	CHAP			ING	RETOUR		MINU							LPF	66.0							
Fri Jul 22 18:36:04 2016	Fri Jul 22 18:36:44 2016	VIS	201607230001			mngr	CHRI		VIS	LPF	CHAP						CO2							LPF	4307.36842105			4307.36842105	4307.36842105			
Fri Jul 22 18:36:04 2016	Fri Jul 22 18:36:44 2016	VIS	201607230001			mngr	CHRI		VIS	LPF	CHAP						TEMP							LPF	29.5			29.5	29.5			
Fri Jul 22 18:36:04 2016	Fri Jul 22 18:36:45 2016	VIS	201607230001			mngr	CHRI		VIS	LPF	CHAP						LUX							LPF	524.210526316			522.105263158	526.315789474			
Fri Jul 22 18:36:04 2016	Fri Jul 22 18:36:45 2016	VIS	201607230001			mngr	CHRI		VIS	LPF	CHAP						TRPI							LPF	34.5			34.5	34.5			
Fri Jul 22 18:36:04 2016	Fri Jul 22 18:36:45 2016	VIS	201607230001			mngr	CHRI		VIS	LPF	CHAP						RH							LPF	51.35726666666667			51.2806	51.3956			
Fri Jul 22 18:36:04 2016	Fri Jul 22 18:36:45 2016	VIS	201607230001			mngr	CHRI		VIS	LPF	CHAP						MINU							LPF	38.0							
Fri Jul 22 18:36:45 2016	Fri Jul 22 18:37:05 2016	VIS	201607230001			mngr	CHRI		VIS	LPF	ENV						MINU							LPF	20.0							
Fri Jul 22 18:37:05 2016	Fri Jul 22 18:37:41 2016	VIS	201607230001			mngr	CHRI		VIS	LPF	CHAP			ING	RETOUR		CO2							LPF	4307.36842105			4307.36842105	4307.36842105			
Fri Jul 22 18:37:05 2016	Fri Jul 22 18:37:42 2016	VIS	201607230001			mngr	CHRI		VIS	LPF	CHAP			ING	RETOUR		TEMP							LPF	29.5			29.5	29.5			
Fri Jul 22 18:37:05 2016	Fri Jul 22 18:37:42 2016	VIS	201607230001			mngr	CHRI		VIS	LPF	CHAP			ING	RETOUR		LUX							LPF	528.4210526315001			524.210526316	532.631578947			
Fri Jul 22 18:37:05 2016	Fri Jul 22 18:37:42 2016	VIS	201607230001			mngr	CHRI		VIS	LPF	CHAP			ING	RETOUR		RH							LPF	51.558099999999996			51.3886	51.7276			
Fri Jul 22 18:37:05 2016	Fri Jul 22 18:37:42 2016	VIS	201607230001			mngr	CHRI		VIS	LPF	CHAP			ING	RETOUR		TRPI							LPF	34.5			34.5	34.5			
Fri Jul 22 18:37:05 2016	Fri Jul 22 18:37:42 2016	VIS	201607230001			mngr	CHRI		VIS	LPF	CHAP			ING	RETOUR		MINU							LPF	36.0							
Fri Jul 22 18:37:42 2016	Fri Jul 22 18:37:47 2016	VIS	201607230001			mngr	CHRI		VIS	LPF	ENV			ING	RETOUR		MINU							LPF	4.0							
Fri Jul 22 18:57:33 2016	Fri Jul 22 18:58:03 2016	VIS	201607230001			mngr	CHRI		VIS	LPF	CHAP						CO2							LPF	4307.36842105			4307.36842105	4307.36842105			
Fri Jul 22 18:57:33 2016	Fri Jul 22 18:58:03 2016	VIS	201607230001			mngr	CHRI		VIS	LPF	CHAP						TEMP							LPF	29.5625			29.5625	29.5625			
Fri Jul 22 18:57:33 2016	Fri Jul 22 18:58:04 2016	VIS	201607230001			mngr	CHRI		VIS	LPF	CHAP						LUX							LPF	505.2631578945			498.947368421	511.578947368			
Fri Jul 22 18:57:33 2016	Fri Jul 22 18:58:04 2016	VIS	201607230001			mngr	CHRI		VIS	LPF	CHAP						THEME							LPF	4.0							
Fri Jul 22 18:57:33 2016	Fri Jul 22 18:58:04 2016	VIS	201607230001			mngr	CHRI		VIS	LPF	CHAP						TRPI							LPF	34.40625			34.375	34.4375			
Fri Jul 22 18:57:33 2016	Fri Jul 22 18:58:04 2016	VIS	201607230001			mngr	CHRI		VIS	LPF	CHAP						DEJA							LPF	9.0							
Fri Jul 22 18:57:33 2016	Fri Jul 22 18:58:04 2016	VIS	201607230001			mngr	CHRI		VIS	LPF	CHAP						RH							LPF	51.39745			51.2806	51.5143			
Fri Jul 22 18:57:33 2016	Fri Jul 22 18:58:04 2016	VIS	201607230001			mngr	CHRI		VIS	LPF	CHAP						MINU							LPF	30.0							
Fri Jul 22 18:58:04 2016	Fri Jul 22 18:58:38 2016	VIS	201607230001			mngr	CHRI		VIS	LPF	ENV						MINU							LPF	34.0							
Fri Jul 22 18:58:38 2016	Fri Jul 22 18:58:46 2016	VIS	201607230001			mngr	CHRI		VIS	LPF	ENV						MINU							LPF	8.0							
Fri Jul 22 18:58:46 2016	Fri Jul 22 18:59:01 2016	VIS	201607230001			mngr	CHRI		VIS	LPF	CHAP			ING	RETOUR		CO2							LPF	4307.36842105			4307.36842105	4307.36842105			
Fri Jul 22 18:58:46 2016	Fri Jul 22 18:59:01 2016	VIS	201607230001			mngr	CHRI		VIS	LPF	CHAP			ING	RETOUR		TEMP							LPF	29.5			29.5	29.5			
Fri Jul 22 18:58:46 2016	Fri Jul 22 18:59:01 2016	VIS	201607230001			mngr	CHRI		VIS	LPF	CHAP			ING	RETOUR		LUX							LPF	509.473684211			509.473684211	509.473684211			
Fri Jul 22 18:58:46 2016	Fri Jul 22 18:59:01 2016	VIS	201607230001			mngr	CHRI		VIS	LPF	CHAP			ING	RETOUR		RH							LPF	51.3921			51.3921	51.3921			
Fri Jul 22 18:58:46 2016	Fri Jul 22 18:59:01 2016	VIS	201607230001			mngr	CHRI		VIS	LPF	CHAP			ING	RETOUR		THEME							LPF	3.0							
Fri Jul 22 18:58:46 2016	Fri Jul 22 18:59:01 2016	VIS	201607230001			mngr	CHRI		VIS	LPF	CHAP			ING	RETOUR		TRPI							LPF	34.4375			34.4375	34.4375			
Fri Jul 22 18:58:46 2016	Fri Jul 22 18:59:01 2016	VIS	201607230001			mngr	CHRI		VIS	LPF	CHAP			ING	RETOUR		HEURE							LPF	9.0							
Fri Jul 22 18:58:46 2016	Fri Jul 22 18:59:02 2016	VIS	201607230001			mngr	CHRI		VIS	LPF	CHAP			ING	RETOUR		MINU							LPF	14.0							
Fri Jul 22 18:59:02 2016	Fri Jul 22 18:59:31 2016	VIS	201607230001			mngr	CHRI		VIS	LPF	CHAP			ING	RETOUR		CO2							LPF	4307.36842105			4307.36842105	4307.36842105			
Fri Jul 22 18:59:02 2016	Fri Jul 22 18:59:32 2016	VIS	201607230001			mngr	CHRI		VIS	LPF	CHAP			ING	RETOUR		TEMP							LPF	29.5			29.5	29.5			
Fri Jul 22 18:59:02 2016	Fri Jul 22 18:59:32 2016	VIS	201607230001			mngr	CHRI		VIS	LPF	CHAP			ING	RETOUR		LUX							LPF	503.157894737			496.842105263	509.473684211			
Fri Jul 22 18:59:02 2016	Fri Jul 22 18:59:32 2016	VIS	201607230001			mngr	CHRI		VIS	LPF	CHAP			ING	RETOUR		RH							LPF	51.23125			51.0599	51.4026			
Fri Jul 22 18:59:02 2016	Fri Jul 22 18:59:32 2016	VIS	201607230001			mngr	CHRI		VIS	LPF	CHAP			ING	RETOUR		TRPI							LPF	34.375			34.375	34.375			
Fri Jul 22 18:59:02 2016	Fri Jul 22 18:59:33 2016	VIS	201607230001			mngr	CHRI		VIS	LPF	CHAP			ING	RETOUR		MINU							LPF	30.0							
Fri Jul 22 20:57:39 2016	Fri Jul 22 20:57:53 2016	VIS	201607230001			mngr	CHRI		VIS	LPF	CHAP						CO2							LPF	1284.21052632			1284.21052632	1284.21052632			
Fri Jul 22 20:57:39 2016	Fri Jul 22 20:57:53 2016	VIS	201607230001			mngr	CHRI		VIS	LPF	CHAP						TEMP							LPF	28.9375			28.9375	28.9375			
Fri Jul 22 20:57:39 2016	Fri Jul 22 20:57:53 2016	VIS	201607230001			mngr	CHRI		VIS	LPF	CHAP						LUX							LPF	480.0			480.0	480.0			
Fri Jul 22 20:57:39 2016	Fri Jul 22 20:57:53 2016	VIS	201607230001			mngr	CHRI		VIS	LPF	CHAP						TRPI							LPF	33.9375			33.9375	33.9375			
Fri Jul 22 20:57:39 2016	Fri Jul 22 20:57:53 2016	VIS	201607230001			mngr	CHRI		VIS	LPF	CHAP						RH							LPF	53.753			53.753	53.753			
Fri Jul 22 20:57:39 2016	Fri Jul 22 20:57:54 2016	VIS	201607230001			mngr	CHRI		VIS	LPF	CHAP						MINU							LPF	14.0							
Fri Jul 22 20:59:37 2016	Fri Jul 22 20:59:40 2016	VIS	201607230001			mngr	CHRI		VIS	LPF	CHAP						MINU							LPF	2.0							
Fri Jul 22 20:59:40 2016	Fri Jul 22 20:59:42 2016	VIS	201607230001			mngr	CHRI		VIS	LPF	CHAP						MINU							LPF	2.0							
Fri Jul 22 20:59:42 2016	Fri Jul 22 20:59:48 2016	VIS	201607230001			mngr	CHRI		VIS	LPF	CHAP						CO2							LPF	1284.21052632			1284.21052632	1284.21052632			
Fri Jul 22 20:59:42 2016	Fri Jul 22 20:59:48 2016	VIS	201607230001			mngr	CHRI		VIS	LPF	CHAP						TEMP							LPF	28.9375			28.9375	28.9375			
Fri Jul 22 20:59:42 2016	Fri Jul 22 20:59:48 2016	VIS	201607230001			mngr	CHRI		VIS	LPF	CHAP						LUX							LPF	475.789473684			475.789473684	475.789473684			
Fri Jul 22 20:59:42 2016	Fri Jul 22 20:59:48 2016	VIS	201607230001			mngr	CHRI		VIS	LPF	CHAP						TRPI							LPF	33.9375			33.9375	33.9375			
Fri Jul 22 20:59:42 2016	Fri Jul 22 20:59:49 2016	VIS	201607230001			mngr	CHRI		VIS	LPF	CHAP						RH							LPF	54.1035			54.1035	54.1035			
Fri Jul 22 20:59:42 2016	Fri Jul 22 20:59:49 2016	VIS	201607230001			mngr	CHRI		VIS	LPF	CHAP						MINU							LPF	6.0							
Fri Jul 22 21:27:42 2016	Fri Jul 22 21:28:16 2016	VIS	201607230001			mngr	CHRI		VIS	LPF	CHAP						CO2							LPF	1313.684210525			1309.47368421	1317.89473684			
Fri Jul 22 21:27:42 2016	Fri Jul 22 21:28:16 2016	VIS	201607230001			mngr	CHRI		VIS	LPF	CHAP						TEMP							LPF	28.875			28.875	28.875			
Fri Jul 22 21:27:42 2016	Fri Jul 22 21:28:16 2016	VIS	201607230001			mngr	CHRI		VIS	LPF	CHAP						LUX							LPF	475.789473684			475.789473684	475.789473684			
Fri Jul 22 21:27:42 2016	Fri Jul 22 21:28:16 2016	VIS	201607230001			mngr	CHRI		VIS	LPF	CHAP						THEME							LPF	4.0							
Fri Jul 22 21:27:42 2016	Fri Jul 22 21:28:16 2016	VIS	201607230001			mngr	CHRI		VIS	LPF	CHAP						TRPI							LPF	33.625			33.625	33.625			
Fri Jul 22 21:27:42 2016	Fri Jul 22 21:28:16 2016	VIS	201607230001			mngr	CHRI		VIS	LPF	CHAP						DEJA							LPF	9.0							
Fri Jul 22 21:27:42 2016	Fri Jul 22 21:28:16 2016	VIS	201607230001			mngr	CHRI		VIS	LPF	CHAP						RH							LPF	54.9311			54.8772	54.985			
Fri Jul 22 21:27:42 2016	Fri Jul 22 21:28:16 2016	VIS	201607230001			mngr	CHRI		VIS	LPF	CHAP						MINU							LPF	34.0							
Fri Jul 22 21:28:17 2016	Fri Jul 22 21:28:28 2016	VIS	201607230001			mngr	CHRI		VIS	LPF	ENV						MINU							LPF	12.0							
Fri Jul 22 21:28:28 2016	Fri Jul 22 21:29:27 2016	VIS	201607230001			mngr	CHRI		VIS	LPF	CHAP			ING	RETOUR		CO2							LPF	1316.8421052625			1309.47368421	1322.10526316			
Fri Jul 22 21:28:28 2016	Fri Jul 22 21:29:27 2016	VIS	201607230001			mngr	CHRI		VIS	LPF	CHAP			ING	RETOUR		TANI							LPF	29.1875			29.1875	29.1875			
Fri Jul 22 21:28:28 2016	Fri Jul 22 21:29:27 2016	VIS	201607230001			mngr	CHRI		VIS	LPF	CHAP			ING	RETOUR		TEMP							LPF	28.875			28.875	28.875			
Fri Jul 22 21:28:28 2016	Fri Jul 22 21:29:27 2016	VIS	201607230001			mngr	CHRI		VIS	LPF	CHAP			ING	RETOUR		LUX							LPF	469.47368421075			463.157894737	480.0			
Fri Jul 22 21:28:28 2016	Fri Jul 22 21:29:27 2016	VIS	201607230001			mngr	CHRI		VIS	LPF	CHAP			ING	RETOUR		RH							LPF	54.610825			54.4038	54.8623			
Fri Jul 22 21:28:28 2016	Fri Jul 22 21:29:28 2016	VIS	201607230001			mngr	CHRI		VIS	LPF	CHAP			ING	RETOUR		THEME							LPF	4.0							
Fri Jul 22 21:28:28 2016	Fri Jul 22 21:29:28 2016	VIS	201607230001			mngr	CHRI		VIS	LPF	CHAP			ING	RETOUR		TRPI							LPF	33.625			33.625	33.625			
Fri Jul 22 21:28:28 2016	Fri Jul 22 21:29:28 2016	VIS	201607230001			mngr	CHRI		VIS	LPF	CHAP			ING	RETOUR		REVENIR							LPF	2.0							
Fri Jul 22 21:28:28 2016	Fri Jul 22 21:29:28 2016	VIS	201607230001			mngr	CHRI		VIS	LPF	CHAP			ING	RETOUR		INTER							LPF	3.0							
Fri Jul 22 21:28:28 2016	Fri Jul 22 21:29:28 2016	VIS	201607230001			mngr	CHRI		VIS	LPF	CHAP			ING	RETOUR		HEURE							LPF	9.0							
Fri Jul 22 21:28:28 2016	Fri Jul 22 21:29:28 2016	VIS	201607230001			mngr	CHRI		VIS	LPF	CHAP			ING	RETOUR		MINU							LPF	58.0							
Fri Jul 22 21:29:28 2016	Fri Jul 22 21:31:57 2016	VIS	201607230001			mngr	CHRI		VIS	LPF	ENV			ING	RETOUR		MINU							LPF	149.0							
Fri Jul 22 21:43:58 2016	Fri Jul 22 21:44:33 2016	VIS	201607230001			mngr	CHRI		VIS	LPF	CHAP						CO2							LPF	1292.63157895			1292.63157895	1292.63157895			
Fri Jul 22 21:43:58 2016	Fri Jul 22 21:44:33 2016	VIS	201607230001			mngr	CHRI		VIS	LPF	CHAP						TEMP							LPF	28.75			28.75	28.75			
Fri Jul 22 21:43:58 2016	Fri Jul 22 21:44:33 2016	VIS	201607230001			mngr	CHRI		VIS	LPF	CHAP						LUX							LPF	468.42105263149995			461.052631579	475.789473684			
Fri Jul 22 21:43:58 2016	Fri Jul 22 21:44:33 2016	VIS	201607230001			mngr	CHRI		VIS	LPF	CHAP						THEME							LPF	9.0							
Fri Jul 22 21:43:58 2016	Fri Jul 22 21:44:33 2016	VIS	201607230001			mngr	CHRI		VIS	LPF	CHAP						TRPI							LPF	33.4375			33.4375	33.4375			
Fri Jul 22 21:43:58 2016	Fri Jul 22 21:44:34 2016	VIS	201607230001			mngr	CHRI		VIS	LPF	CHAP						RH							LPF	55.2576			54.7475	55.7677			
Fri Jul 22 21:43:58 2016	Fri Jul 22 21:44:34 2016	VIS	201607230001			mngr	CHRI		VIS	LPF	CHAP						MINU							LPF	34.0							
Fri Jul 22 21:44:34 2016	Fri Jul 22 21:45:12 2016	VIS	201607230001			mngr	CHRI		VIS	LPF	ENV						MINU							LPF	38.0							
Fri Jul 22 21:45:12 2016	Fri Jul 22 21:45:50 2016	VIS	201607230001			mngr	CHRI		VIS	LPF	CHAP			ING	RETOUR		CO2							LPF	1296.842105265			1292.63157895	1301.05263158			
Fri Jul 22 21:45:12 2016	Fri Jul 22 21:45:51 2016	VIS	201607230001			mngr	CHRI		VIS	LPF	CHAP			ING	RETOUR		TEMP							LPF	28.75			28.75	28.75			
Fri Jul 22 21:45:12 2016	Fri Jul 22 21:45:51 2016	VIS	201607230001			mngr	CHRI		VIS	LPF	CHAP			ING	RETOUR		LUX							LPF	465.263157895			465.263157895	465.263157895			
Fri Jul 22 21:45:12 2016	Fri Jul 22 21:45:51 2016	VIS	201607230001			mngr	CHRI		VIS	LPF	CHAP			ING	RETOUR		RH							LPF	55.88875			55.6491	56.1284			
Fri Jul 22 21:45:12 2016	Fri Jul 22 21:45:51 2016	VIS	201607230001			mngr	CHRI		VIS	LPF	CHAP			ING	RETOUR		THEME							LPF	4.0							
Fri Jul 22 21:45:12 2016	Fri Jul 22 21:45:51 2016	VIS	201607230001			mngr	CHRI		VIS	LPF	CHAP			ING	RETOUR		TRPI							LPF	33.4375			33.4375	33.4375			
Fri Jul 22 21:45:12 2016	Fri Jul 22 21:45:51 2016	VIS	201607230001			mngr	CHRI		VIS	LPF	CHAP			ING	RETOUR		REVENIR							LPF	2.0							
Fri Jul 22 21:45:12 2016	Fri Jul 22 21:45:52 2016	VIS	201607230001			mngr	CHRI		VIS	LPF	CHAP			ING	RETOUR		INTER							LPF	3.0							
Fri Jul 22 21:45:12 2016	Fri Jul 22 21:45:52 2016	VIS	201607230001			mngr	CHRI		VIS	LPF	CHAP			ING	RETOUR		HEURE							LPF	9.0							
Fri Jul 22 21:45:12 2016	Fri Jul 22 21:45:52 2016	VIS	201607230001			mngr	CHRI		VIS	LPF	CHAP			ING	RETOUR		MINU							LPF	38.0							
Fri Jul 22 21:45:52 2016	Fri Jul 22 22:24:20 2016	VIS	201607230001			mngr	CHRI		VIS	LPF	ENV			ING	RETOUR		MINU							LPF	2308.0							
Sat Jul 23 10:05:00 2016	Sat Jul 23 10:06:26 2016	VIS	201607230146			mngr	CHRI		VIS	LPF	CHAP						CO2							LPF	4307.36842105			4307.36842105	4307.36842105			
Sat Jul 23 10:05:00 2016	Sat Jul 23 10:06:26 2016	VIS	201607230146			mngr	CHRI		VIS	LPF	CHAP						TEMP							LPF	19.8125			19.8125	19.8125			
Sat Jul 23 10:05:00 2016	Sat Jul 23 10:06:26 2016	VIS	201607230146			mngr	CHRI		VIS	LPF	CHAP						TANI							LPF	27.4375			27.4375	27.4375			
Sat Jul 23 10:05:00 2016	Sat Jul 23 10:06:26 2016	VIS	201607230146			mngr	CHRI		VIS	LPF	CHAP						LUX							LPF	888.8421052634001			886.315789474	892.631578947			
Sat Jul 23 10:05:00 2016	Sat Jul 23 10:06:26 2016	VIS	201607230146			mngr	CHRI		VIS	LPF	CHAP						THEME							LPF	3.0							
Sat Jul 23 10:05:00 2016	Sat Jul 23 10:06:26 2016	VIS	201607230146			mngr	CHRI		VIS	LPF	CHAP						TRPI							LPF	23.1875			23.1875	23.1875			
Sat Jul 23 10:05:00 2016	Sat Jul 23 10:06:26 2016	VIS	201607230146			mngr	CHRI		VIS	LPF	CHAP						RH							LPF	82.32148000000001			81.9057	82.7901			
Sat Jul 23 10:05:00 2016	Sat Jul 23 10:06:26 2016	VIS	201607230146			mngr	CHRI		VIS	LPF	CHAP						MINU							LPF	86.0							
Sat Jul 23 13:13:41 2016	Sat Jul 23 13:14:20 2016	VIS	201607230136			mngr	CHRI		VIS	LPF	CHAP						CO2							LPF	1313.684210525			1309.47368421	1317.89473684			
Sat Jul 23 13:13:41 2016	Sat Jul 23 13:14:20 2016	VIS	201607230136			mngr	CHRI		VIS	LPF	CHAP						TEMP							LPF	23.21875			23.1875	23.25			
Sat Jul 23 13:13:41 2016	Sat Jul 23 13:14:20 2016	VIS	201607230136			mngr	CHRI		VIS	LPF	CHAP						LUX							LPF	928.421052632			928.421052632	928.421052632			
Sat Jul 23 13:13:41 2016	Sat Jul 23 13:14:20 2016	VIS	201607230136			mngr	CHRI		VIS	LPF	CHAP						THEME							LPF	3.0							
Sat Jul 23 13:13:41 2016	Sat Jul 23 13:14:20 2016	VIS	201607230136			mngr	CHRI		VIS	LPF	CHAP						TRPI							LPF	25.5			25.5	25.5			
Sat Jul 23 13:13:41 2016	Sat Jul 23 13:14:20 2016	VIS	201607230136			mngr	CHRI		VIS	LPF	CHAP						RH							LPF	70.36245			69.8144	70.9105			
Sat Jul 23 13:13:41 2016	Sat Jul 23 13:14:20 2016	VIS	201607230136			mngr	CHRI		VIS	LPF	CHAP						MINU							LPF	39.0							
Thu Dec  8 10:14:28 2016	Thu Dec  8 10:15:08 2016	VIS	201607230004			mngr	CHRI		VIS	LPF	CHAP						CO2							LPF	2046.0			2046.0	2046.0			
Thu Dec  8 10:14:28 2016	Thu Dec  8 10:15:08 2016	VIS	201607230004			mngr	CHRI		VIS	LPF	CHAP						TEMP							LPF	18.1875			18.1875	18.1875			
Thu Dec  8 10:14:28 2016	Thu Dec  8 10:15:08 2016	VIS	201607230004			mngr	CHRI		VIS	LPF	CHAP						LUX							LPF	770.526315789			770.526315789	770.526315789			
Thu Dec  8 10:14:28 2016	Thu Dec  8 10:15:08 2016	VIS	201607230004			mngr	CHRI		VIS	LPF	CHAP						THEME							LPF	1.0							
Thu Dec  8 10:14:28 2016	Thu Dec  8 10:15:08 2016	VIS	201607230004			mngr	CHRI		VIS	LPF	CHAP						TRPI							LPF	22.25			22.25	22.25			
Thu Dec  8 10:14:28 2016	Thu Dec  8 10:15:09 2016	VIS	201607230004			mngr	CHRI		VIS	LPF	CHAP						RH							LPF	35.8009			35.8009	35.8009			
Thu Dec  8 10:14:28 2016	Thu Dec  8 10:15:09 2016	VIS	201607230004			mngr	CHRI		VIS	LPF	CHAP						MINU							LPF	40.0							
Thu Dec  8 10:15:09 2016	Thu Dec  8 10:15:21 2016	VIS	201607230004			mngr	CHRI		VIS	LPF	CHAP						CO2							LPF	2046.0			2046.0	2046.0			
Thu Dec  8 10:15:09 2016	Thu Dec  8 10:15:21 2016	VIS	201607230004			mngr	CHRI		VIS	LPF	CHAP						TEMP							LPF	18.1875			18.1875	18.1875			
Thu Dec  8 10:15:09 2016	Thu Dec  8 10:15:22 2016	VIS	201607230004			mngr	CHRI		VIS	LPF	CHAP						LUX							LPF	766.315789474			766.315789474	766.315789474			
Thu Dec  8 10:15:09 2016	Thu Dec  8 10:15:22 2016	VIS	201607230004			mngr	CHRI		VIS	LPF	CHAP						TRPI							LPF	22.25			22.25	22.25			
Thu Dec  8 10:15:09 2016	Thu Dec  8 10:15:22 2016	VIS	201607230004			mngr	CHRI		VIS	LPF	CHAP						RH							LPF	36.1348			36.1348	36.1348			
Thu Dec  8 10:15:09 2016	Thu Dec  8 10:15:22 2016	VIS	201607230004			mngr	CHRI		VIS	LPF	CHAP						MINU							LPF	13.0							
Thu Dec  8 10:15:22 2016	Thu Dec  8 10:15:55 2016	VIS	201607230004			mngr	CHRI		VIS	LPF	CHAP			ING	RETOUR		CO2							LPF	2046.0			2046.0	2046.0			
Thu Dec  8 10:15:22 2016	Thu Dec  8 10:15:55 2016	VIS	201607230004			mngr	CHRI		VIS	LPF	CHAP			ING	RETOUR		TEMP							LPF	18.1875			18.1875	18.1875			
Thu Dec  8 10:15:22 2016	Thu Dec  8 10:15:55 2016	VIS	201607230004			mngr	CHRI		VIS	LPF	CHAP			ING	RETOUR		LUX							LPF	770.5263157895			768.421052632	772.631578947			
Thu Dec  8 10:15:22 2016	Thu Dec  8 10:15:55 2016	VIS	201607230004			mngr	CHRI		VIS	LPF	CHAP			ING	RETOUR		RH							LPF	35.9678			35.8056	36.13			
Thu Dec  8 10:15:22 2016	Thu Dec  8 10:15:55 2016	VIS	201607230004			mngr	CHRI		VIS	LPF	CHAP			ING	RETOUR		THEME							LPF	2.0							
Thu Dec  8 10:15:22 2016	Thu Dec  8 10:15:55 2016	VIS	201607230004			mngr	CHRI		VIS	LPF	CHAP			ING	RETOUR		TRPI							LPF	22.25			22.25	22.25			
Thu Dec  8 10:15:22 2016	Thu Dec  8 10:15:55 2016	VIS	201607230004			mngr	CHRI		VIS	LPF	CHAP			ING	RETOUR		REVENIR							LPF	2.0							
Thu Dec  8 10:15:22 2016	Thu Dec  8 10:15:56 2016	VIS	201607230004			mngr	CHRI		VIS	LPF	CHAP			ING	RETOUR		HEURE							LPF	5.0							
Thu Dec  8 10:15:22 2016	Thu Dec  8 10:15:56 2016	VIS	201607230004			mngr	CHRI		VIS	LPF	CHAP			ING	RETOUR		MINU							LPF	33.0							
Tue Jan 31 21:53:33 2017	Tue Jan 31 21:53:48 2017	VIS	201607230134			mngr	CHRI		VIS	LPF	ENV						MINU							LPF	16.0							
Tue Jan 31 21:53:49 2017	Tue Jan 31 21:54:26 2017	VIS	201607230134			mngr	CHRI		VIS	LPF	CHAP			ING	RETOUR		CO2							LPF	708.0			706.0	710.0			
Tue Jan 31 21:53:49 2017	Tue Jan 31 21:54:26 2017	VIS	201607230134			mngr	CHRI		VIS	LPF	CHAP			ING	RETOUR		TEMP							LPF	18.8125			18.8125	18.8125			
Tue Jan 31 21:53:49 2017	Tue Jan 31 21:54:26 2017	VIS	201607230134			mngr	CHRI		VIS	LPF	CHAP			ING	RETOUR		LUX							LPF	341.754385965			341.052631579	343.157894737			
Tue Jan 31 21:53:49 2017	Tue Jan 31 21:54:26 2017	VIS	201607230134			mngr	CHRI		VIS	LPF	CHAP			ING	RETOUR		RH							LPF	36.75973333333334			36.6704	36.8541			
Tue Jan 31 21:53:49 2017	Tue Jan 31 21:54:26 2017	VIS	201607230134			mngr	CHRI		VIS	LPF	CHAP			ING	RETOUR		THEME							LPF	3.0							
Tue Jan 31 21:53:49 2017	Tue Jan 31 21:54:27 2017	VIS	201607230134			mngr	CHRI		VIS	LPF	CHAP			ING	RETOUR		TRPI							LPF	20.6875			20.6875	20.6875			
Tue Jan 31 21:53:49 2017	Tue Jan 31 21:54:27 2017	VIS	201607230134			mngr	CHRI		VIS	LPF	CHAP			ING	RETOUR		REVENIR							LPF	1.0							
Tue Jan 31 21:53:49 2017	Tue Jan 31 21:54:27 2017	VIS	201607230134			mngr	CHRI		VIS	LPF	CHAP			ING	RETOUR		INTER							LPF	1.0							
Tue Jan 31 21:53:49 2017	Tue Jan 31 21:54:27 2017	VIS	201607230134			mngr	CHRI		VIS	LPF	CHAP			ING	RETOUR		HEURE							LPF	2.0							
Tue Jan 31 21:53:49 2017	Tue Jan 31 21:54:27 2017	VIS	201607230134			mngr	CHRI		VIS	LPF	CHAP			ING	RETOUR		MINU							LPF	37.0							
Wed Feb  1 12:40:08 2017	Wed Feb  1 12:40:59 2017	VIS	201607230006			mngr	CHRI		VIS	LPF	CHAP						CO2							LPF	883.3333333333334			878.0	886.0			
Wed Feb  1 12:40:08 2017	Wed Feb  1 12:40:59 2017	VIS	201607230006			mngr	CHRI		VIS	LPF	CHAP						TEMP							LPF	22.4375			22.4375	22.4375			
Wed Feb  1 12:40:08 2017	Wed Feb  1 12:41:00 2017	VIS	201607230006			mngr	CHRI		VIS	LPF	CHAP						TANI							LPF	31.125			31.125	31.125			
Wed Feb  1 12:40:08 2017	Wed Feb  1 12:41:00 2017	VIS	201607230006			mngr	CHRI		VIS	LPF	CHAP						LUX							LPF	290.5263157893333			288.421052632	292.631578947			
Wed Feb  1 12:40:08 2017	Wed Feb  1 12:41:00 2017	VIS	201607230006			mngr	CHRI		VIS	LPF	CHAP						TRPI							LPF	27.291666666666668			27.25	27.3125			
Wed Feb  1 12:40:08 2017	Wed Feb  1 12:41:00 2017	VIS	201607230006			mngr	CHRI		VIS	LPF	CHAP						RH							LPF	34.88876666666667			34.5014	35.3793			
Wed Feb  1 12:40:08 2017	Wed Feb  1 12:41:00 2017	VIS	201607230006			mngr	CHRI		VIS	LPF	CHAP						MINU							LPF	52.0							
Wed Feb  1 12:41:00 2017	Wed Feb  1 12:41:14 2017	VIS	201607230006			mngr	CHRI		VIS	LPF	ENV						MINU							LPF	13.0							
Wed Feb  1 12:41:14 2017	Wed Feb  1 12:42:43 2017	VIS	201607230006			mngr	CHRI		VIS	LPF	CHAP			ING	RETOUR		CO2							LPF	888.0			886.0	890.0			
Wed Feb  1 12:41:14 2017	Wed Feb  1 12:42:43 2017	VIS	201607230006			mngr	CHRI		VIS	LPF	CHAP			ING	RETOUR		TEMP							LPF	22.45			22.4375	22.5			
Wed Feb  1 12:41:14 2017	Wed Feb  1 12:42:43 2017	VIS	201607230006			mngr	CHRI		VIS	LPF	CHAP			ING	RETOUR		LUX							LPF	289.6842105262			277.894736842	294.736842105			
Wed Feb  1 12:41:14 2017	Wed Feb  1 12:42:43 2017	VIS	201607230006			mngr	CHRI		VIS	LPF	CHAP			ING	RETOUR		RH							LPF	35.18555			34.9804	35.3144			
Wed Feb  1 12:41:14 2017	Wed Feb  1 12:42:43 2017	VIS	201607230006			mngr	CHRI		VIS	LPF	CHAP			ING	RETOUR		TRPI							LPF	27.3125			27.3125	27.3125			
Wed Feb  1 12:41:14 2017	Wed Feb  1 12:42:44 2017	VIS	201607230006			mngr	CHRI		VIS	LPF	CHAP			ING	RETOUR		MINU							LPF	89.0							
Wed Feb  1 12:42:44 2017	Wed Feb  1 12:42:46 2017	VIS	201607230006			mngr	CHRI		VIS	LPF	CHAP			ING	RETOUR		LUX							LPF	282.105263158			282.105263158	282.105263158			
Wed Feb  1 12:42:44 2017	Wed Feb  1 12:42:47 2017	VIS	201607230006			mngr	CHRI		VIS	LPF	CHAP			ING	RETOUR		RH							LPF	35.5832			35.5832	35.5832			
Wed Feb  1 12:42:44 2017	Wed Feb  1 12:42:48 2017	VIS	201607230006			mngr	CHRI		VIS	LPF	CHAP			ING	RETOUR		TRPI							LPF	27.3125			27.3125	27.3125			
Wed Feb  1 12:42:44 2017	Wed Feb  1 12:42:48 2017	VIS	201607230006			mngr	CHRI		VIS	LPF	CHAP			ING	RETOUR		MINU							LPF	1.0							
